old_commit	new_commit	status	subject
3adc9a6843258c9063c567cf19c79707a0f8bc91	fea78aec4d5f488a8fde6e09879339110a8e3ae8	replayed	Scope the errs work: what is wrong, and the order to fix it
19e567e55d80eda288dab9097a072343336f852f	435d3315d71c08f3a11e3dbbfdb87a1eff441065	replayed	Stop discarding diagnostics that only look like duplicates
3896e740931afef7b963887abcd6cbb76382c87d	ca7be14d69053e29cc334a882797ccf7fd793bb6	replayed	Let a diagnostic be reported without building an array by hand
d0652b02bdac0cd2899982c562b45be18e41bb71	2d806b136f477bbd81daae27bb5b3c0c1f5b0d33	replayed	Note which phases are implemented
920cc38585ba1669de8fa3a7937f992ad9a251f6	333c87886acfacb1f3acb3d7d8ff5506954514f9	replayed	Make branch and merge behave the same for a host's own listener
751ca678326bacf4fea965e0c201a8510747a3d4	0ad93a69496c647d0a1c2a3283d4b08b5dacff19	replayed	Phase 3 is implemented
b1c71fb4e51f5a72464b3d9267e0d743bd7219e2	d8c36e389f2a46db2a7ff3c61cc962a7918cf7fc	replayed	Require an error listener rather than inventing one
87db7c9a93640f6109b4cefca5230ff02bf1b326	9c86dbd941224d890254623f5f20f14fc522bc1d	replayed	Phase 4 is implemented
ed8d3f278ab089fc0aca6391e884c2617c62f26d	4e26eb7bf5d97cc127bd243fc7ae5c2b16e88766	replayed	Stop a structure from silencing a tree it does not own
db07be020d78af24ddc9cdf191770d151871839b	7fea483044547605081cf1071624cb2c04cffab0	replayed	Phase 5 is implemented
469cecf1bdd7e4bf42d03449a1bbf945f1643420	29d0465eae44ffb7d33d16f436f267b2fe44abd2	replayed	Say which kind of silence each call site meant
227a57cae8ca4101f8d49da81c8e8af23c34168e	989cffe6c627b6b9741ec0f8cf171d4d7fddd17c	replayed	Phase 6 is implemented
01e0161be0ba736947470053adb6e85afc2115e1	d8ad1cde07c41aa78de4f0a3306d0f4ce85e9962	replayed	Stop using a null listener as a statement's state
38372600c3ae458a623041da0be9fee6e06a39a9	a0e923824597ffc2f76c8cd0d2950510989536c2	replayed	All seven phases are implemented
362bcc2062038f915a86b794c7b0be880141283d	01560e41da7c591f0f60a5bd74c0b2eeb1991fc0	replayed	Reconcile the plan with what was built
8ac04ec9331178554fc7b6ff01789ca4577a5450	22c8ba880cb1796d2e5bd23adb7686708a858985	replayed	Finish retiring the hand-built parameter arrays
32b0c2b2b521ebf8dcf502b8195e0eb29fb02488	e2483782c12f07d17d5c943ebc3d567b285af2d6	replayed	All report sites are migrated
c380ef5ab82dd8f2aca776bf50a0f81541437269	673ea4268d8fd9dce75dd47418ed79a7defa2522	replayed	Answer the ownership question from the two consumers
c7dd8f313a6ff5e6d9d7d855aab7018ebf4b4571	25eaae9835c674bb2fa7a41f8b8cc3cf09f25d9f	replayed	Record the gap between the seven phases and full parity
ae3f3a0235a81b88727f1af6c6db5318e95168f7	be115b785fd65061962fc384b56967a5a3a28c3e	replayed	Record why each remaining item is or is not worth doing
63bd09bb93657925dfce929d175d88390098cf4c	8f5f16b2e1e70c06b61df375ab6d4fc709c085d5	replayed	Make a resolution collector say where its diagnostics go
cbf93d605190f05a095ac437e72457ab40209e45	6e02165860ff180e684c92fe972082a5b2bc5e00	replayed	The collector default is done
34b9f8ea237e82d66490c3711e20ad0955b7be19	aec1db97864576618067462e3a9b3a61db2e1ac2	replayed	Separate recording a diagnostic from deciding to stop
8637c0af8f070f1e56466a65679bcf7ac6df67ad	b4e8d82a9298f015143a8db02e43cbb2f322fb0c	replayed	log() is void and RUNTIME no longer throws
14189a7167019a5f0ab0045fc4e5af0647b304a7	ea5b6f9ef82b96c2a1c49d6e1fb7d183b0e6dab3	replayed	POC: let a memoized TypeInfo say what building it had to say
3a836cd8084e48735463f8a9913981238b2383b5	540c46dddc5d19ebc37ed84a6b9f7d7b9df011bc	replayed	POC: stamp each diagnostic with where it was reported from
31b8623b542621bce40dd8dc51cb0073913f3031	b63f663d3f2b0c6fef982a0947961e137f459a58	replayed	POC: audit the failures that have nowhere to go
0b4261ca063f50f57096bfbdcce85adde2ff386f	e13dff738f45dadd41243ec6866594b398c9c7f6	replayed	Give a host a listener that answers for what it has seen
53b13d7a403db5c67b8f12ef4786455e6c87d9a2	f7f5f4dadb9f39842c80d8429fca9e26ea24f899	replayed	Stop reporting a failed compilation as an internal error
6d342f9157349de9e70c2e9ad6fbde338afaff22	c618811864d6d0a493626faf76f4b56b6193f672	replayed	Name the silence a "this" probe was already relying on
7ee2fd8f31e6450a9c8893b64e05f19dc54b2035	317f2fdeba29e115a32c996436a7f8b9dcdf1fb9	replayed	Pin what an unimplemented interface method actually does
e5154fb24fe48aea9a580cb131a923e08a724d20	632d927c234b97e08cb4b965a215c089c0f9cf48	replayed	Name the error budgets instead of spelling them as numbers
c60bdb26d5f4aaf5db5de8c2635d2209c05a6285	5e50468899d79da37ebc4a0f36cdfffcfde35bbf	replayed	Deprecate the reporting overloads that take the parameters as an array
fad701097cfe66336838a53db5a965ec83912b19	fe4e5b686c82e3be2de695de86ebe00e0f1135b6	replayed	Let a host name a document that is not in a file
01e816622a2be928bb28f25323b48ecb90594479	7d2681a83aefec4bfcef4965c9350d5fafcd43ca	replayed	Stop rebinding the errs parameter to suppress a cascade
9165c00b06015d9b6d90d2bdc1dd37a87a1263a2	0d9696e48b78334f5d890b91663ff2473459019b	replayed	Make a cascade suppression keep the listener it silences
716c7f118020fa67dd78725b9c2616986d1e54e5	a071a74ba5f927efeef04abf6248ee8cf796d2c1	replayed	Stop qualifying ErrorListener on every line
8f3870386cdbaafe5000bca9a721dd7c96747496	15206443d7a96a7aa3268a4be2569974c1770642	replayed	Give ErrorList a default constructor, and name the budgets that were literals
de2702181157c4f7119616a17a0d9aea0a45cd7c	9a3b4ee3a70158989f847329e20e78e28df83b70	replayed	Bring errs.md up to date, and make it usable rather than only historical
dc58262cd5e3f23d77ff5ed805d6d7cb3578e7e6	4060176c2247d9ad52a3d542b71d324a107b7b71	replayed	Make the three silences one concept with the reason as a value
d3d28348ffefc2048636c9b2d8e4de671b0db9a6	be86ac995af705f5658a62bb773e4df47f0412de	replayed	Correct what isSilent() claims about itself
259f8135ecbb76e4ec4833624a3716001faf7c26	4e26bdb1cd448dba2d122e45e66cbbb4c45956fe	replayed	Stop the module-name scan from swapping the parser's listener
3ccf9efe465307a853f2c50855894bd4737ef6ca	9a946fc784238d59141c40ac32e5efaf718c914b	replayed	Prove the whole thing works from an editor's side
fe778a92b9c35fbf1f35838708cde8fa29475608	6d99de67c70e1e0cdcc5d7686418afe2632f07d0	replayed	Make the parser's speculation a branch, not a second reporting mechanism
d23120b50e8c4e817f7acb0abed8b0d6a9d0dac0	7bb3ae89ff551cdca24da78e97311f0a85c4b0ac	replayed	Make the compile-time silence a scope, and a cascade
9bbeb83486f593425eecc2b3db490321ee4eb46d	b23a29de4d9d7df0fc523630ff125fa5083fbe3b	replayed	Name the listener fields for what they are, and stop one outliving its request
9cdd8451922d4d4641c0791a9400b35b4d1e15b2	d21eb503aff57aa6d595ca23fb661b892545d2a2	replayed	Put the reporting destination in one place, so every holder can be final
94a673294c12480d93671a7bf93ad4bd689dff1f	38752b99851da725aaf786447a49d947fa09e438	replayed	Bring errs.md up to date with the review work
0af497641f35ab5167841d787c847983e5a5559b	dc871d38602890364d62f7df6d6b5f69d79d232a	replayed	Delete the ambient listener lookup instead of propagating through it
bb3c4c62c35dd67004da5e338a90e7c6f9a825a0	848ad247edbbcc6e5a8a5825c2a79f5612254d54	replayed	Wire the language server to the compiler, through the embedding API
566bc0c4a76bb8293d8a27352b80d69f58ce4828	895578f9b5dc28d3aa2ada07502d703aa7699cac	replayed	Build and test the language server as part of the build
7097892b6dd3d5bac66e38eda51a9c06cd637ad6	7840032d7553d567ea1841674344a49d2fac9d50	replayed	Attach the IDE plugins separately from the rest of lang
535b9d80e33056a2fce447b0d5ed84b6c520a44a	a7cf0437a940b8d8257cc8e4245d311ed41bbfdd	replayed	Report what a compilation cost, and stop silencing the server's log
ff20ca0bc8f5a5b58f4901ef3165885c8961f5cb	950f6c0dac57775c19dfe2b06607a97f90177523	replayed	Store a memoized TypeInfo's diagnostics as a list, not as a listener
60a451a3f12fe56578350e04a45a594d2082082e	b87544e97b0d3a30637d6bca6964b2d285fe4a9d	replayed	Make the embedding API answer usefully, and say what it actually does
2699e2fba7ee7956a84d339fcd04a8b46d797ecf	b05ffd2559514b72c10cdb6f520122d7dc68e376	replayed	Record in errs.md what this work found and did not fix
12f516d79cae9c47f4848c2db5428c8e1ca09a5a	950c225dc68716fab2638d4ca2e7d9b83dc41a8f	replayed	Correct and re-date the failure audit
d92f93fb31eaeb47bb5a5ad69fad6871cabc75e4	7b97acb1325d26d08609fd8f1c5050e1c93a530f	replayed	Let a host abandon a compilation nobody wants the answer to any more
cae4f94527b7c2136ff5978d3dcee28c0b17fc56	3efa39125d389ae41cf17ef84d8dc4f87bdcf193	replayed	Let a MethodBody describe itself without an ambient pool
a49b326f555c29f3b142329ea2bef9ef2ffe3464	3aab095cfd78a4acd1f16900b23d979801a4e0f9	replayed	Keep the memoized diagnostics, and write down the master bug they exposed
e383a818a798aee0351aeabbe51db12ed62d5581	acd0a564e42066c5c4e4f41c72a407ca7575efe9	replayed	Give two TypeInfo builders the listener they should have had
610873fb61c4dc9bd8e6f02551c860b2bfaf9f84	e8de1bb67f87876c90d80c774eafccf0be5f4ee8	replayed	Make the ambient constant pool safe to read from any thread
17d4a15a5be6fab9792ec327ee0233aca566e4ec	440bc264994b0354d6af8850ee197161a64eb12b	replayed	Stop breaking lines that fit
d828ae089b6c22ea7495968db9da4337fca61dcf	7bd44854e870d453844e1a726e7af7991fc3cf2b	replayed	Record the pool guard, the two converted sites, and a first triage pass
91d1b08e1d6a4eae0a92d32813eb28334bc2d0b6	18d023e0bd4ced54d413488cc1dc0f659bff77b3	replayed	Give the language server an outline, from the AST rather than the structures
bd551a746569cc64be2c3684b6122ae580a5b763	d805e47c438ed6f905e0eb5aab8a539c0d5baf9e	replayed	Record where symbols have to come from, and why
f77b0d8a524f8f4fef650fd65837d3d666c2b45c	37d04fffe413b5c96e3d9ed6f7ef3bbd4f82c0fd	replayed	Correct the headline numbers in errs.md
26c8fa9c1d4ea8296dec1f0a9c97a156be7223cc	4e864d4b3841b49c9b554768571037c628a67c60	replayed	Show a warning once, not twice
849bb7a0467b06745b1dcfbe12cd5b712a17632c	9e80d1d674ff001daa9f272f9a0061d7ac1be6d8	replayed	Say what the compiler adapter does, and how to test it
222544cfb2201fe0f2a36fbad52f581c2a808d2d	eee7b65e183aaa6641634b20935818670c586e41	replayed	Plan what the language server still needs
956d56f41205903910c3612b2e8d175ddcf9d5bf	0cb2142024c1572caf9d313e98d1136966f33021	replayed	Answer what a name means, not just where it is
a8213cf04b22c6c42ef838f8b2183c42bffb8594	f7c15538c4979ce26e00729f5c07f0f121cbd621	replayed	Write down what xtc is missing, now that it has been measured
9e951df3e45c35dd78b9345573530d322aad606b	2f7e29c2d0381b1202d7440ce0ab4dbddb591c68	replayed	Fixed lifecycle issues
ddc0b063d0d8f67fcbb8c325209fb7de19abced8	2d7e9b1876d9c005f05bce561ec2b7ef5989629d	replayed	Harden compiler diagnostics, semantic navigation and LSP packaging
45fa0ab131596aac3b55bf831f94831c3a5423ea	fc1add8200ca5ee576ae18ef6c9fe2cb6fe1d138	replayed	Verify packaged compiler LSP behavior over stdio
f98b0fe8720fafd1d42864633bf83d863ed0a86a	b116cc2d1ffc568d28dcb4aeb11bfbad776442bd	replayed	Copy compiler semantics into LSP snapshots
c33b013eb143828a99b1b6d9e8be815a0e4aa547	0e3d739274b5f49cebc10cb9a4a0f11adae1d361	replayed	Compile module snapshots for LSP diagnostics and navigation
60054eb4c9f9d785c59f562b571abaef39013020	9534451e48925537d3d5c85e0c2e6303e458e757	replayed	Retain recovered compiler syntax for LSP structural features
d24f1be1f2daf75a2ea4cc2dba1ca34430ec0cc9	768e7247d339c4797eac7d0f236a4c9f373df19f	replayed	Add explicit analysis of trailing incomplete statements
91b5182b8ed3c3851b619751cc6559b326bad5f4	9506482bad4b537fdd47662ed0398c13c153dead	replayed	Capture call provenance outside the AST and copy partial member facts
28e9fd5404bedc8b9baec2e98ff76b1d70fd9642	ea4e7af2c808d1c57dfb5c19e6019d5249f3fe37	replayed	Fix annotation diagnostics and analyze incomplete module source at a cursor
32ac93a5a51a394cc87ce6252eef27a2853d2a0e	d6d202c44bf0dd0c6ae4cc41080fa9e4ad700dd2	replayed	Preserve incomplete value contexts and serialize adapter cursor analysis
24b8f59105f69723edf7712ee2b93a2a63ec6fc3	e199b26861235cb0dd31f00d8d53c5a357d34f36	replayed	Connect compiler completion and signature help through the LSP server
c97c36a8868210a7019bb1a1f7c0eabf958515d3	7891babfa9488d67c6267bd4e4f213be7b431413	replayed	Support typed member completion and calls with closing parentheses
672bc130b67c50fbbeacd85018a807116bc455d4	b2dc408d02f7b16c45052aaa38b5020722512213	replayed	Add compiler scope completion and incomplete-call argument fitting
cdd9bf67f3c56e4de0a4952cadeeec0fd86a0857	80aad45f8a426d43d5fe62b250fe5911ac035a67	replayed	Add compiler semantic lookup, call hierarchy and presentation consumers
39f7862bb00c548e6b54a262bf240479f69fe9ad	800abdd124b3e439af910bd08117baaf8a0c62a3	replayed	Add versioned dependency artifacts and compiler source lookup
266b487844b2739a96025f00565d3e19d20e3d25	def8d24dfd3e9914a2b542300bf7fae733deb1a3	replayed	Recompile configured source dependencies and refresh LSP consumers
7b13e09809adc323c6887821ff863abc95c9aeab	36911b757a303fb599347285e088035ac03f7c1c	replayed	Validate bounded compiler rename and document API compatibility
6372ba07df61c203e4263e2bf5307bd4f7df3913	62a43bd5b900097831550494c23aa47e17f0505c	replayed	Configure compiler source graphs from editor settings
5c0a3dce8d4651f10aee5ce350fae6cca917e763	88fe9dfbd0e249a5346a9a24465c1778bfb6b04c	replayed	Record independently validated first embedding integration slices
a663b5511715add9a80fca6b4aa5abf55c7fb579	4665905655785d084490ecc90e98ef14c6ecd8e9	replayed	Record independently validated consumer and listener slices
9c432f77895ae9fa44a5e41530c82635dc435eae	5b60e551e23fd43a7d1669c6fed0bc7ad91047d1	replayed	Record the independently validated C2 listener propagation slice
643ca65f0d7613a92332d218f4cad82098f94327	4730e2586f072d3e83f16fd14e7594040b904ad1	replayed	Record the validated C3 reporting-scope extraction
855ec569fe4e13ab52c4e2634c50092ad2a46f97	4f73f09436e57236d641c390a9ee7d7ff7b13e0e	replayed	Bring extraction fixes and regressions back into errs
e0e321f822dfb46aa70153adfc14fdfad8d7a624	417f40a56347f3c716d6abafd30b26303637c67a	replayed	Keep embedding development on errs and record future PR groups
c97ea9e6ff6ab2a898338cd12efb0b2d8084f9aa	275132eacfda1190927558fdfcb287d7ef2afbc4	replayed	Retain listener migration guidance and isolate runtime listener tests
a6dbb444d58aed5a29a8dfac74d732c47492fd2e	9de01d805ef9fb107d61cba993e859ff3403745b	replayed	Map the complete errs history to future PR groups
f2b7c4f9e3d5b13aa0c337418b2eb5735ff0035b	08c8c7d8552bbf98a24af5656fddc00f3ddcb064	replayed	Prepare the integrated errs playbook handoff
ee9de8c4a6317faa46835bd59906428224dd1f70	3fa8947e7967e53f62b3a1efe4c83d8d92c3b5d4	replayed	Preserve current compiler queries across redundant file notifications
e53dc6266d46e1861cbda2fb4db62b4574d64c08	e1be4d38029afe5ed9e521543bd4e8edba29c276	replayed	Resolve abstract parameter types from compiler method signatures
31a02c74df6a1c31058e6c6cef351d9357f8d8f7	b44e979b09db5a7f1df8e32ad26c2bdcbd149d7b	replayed	Automate the complete bounded compiler playbook
332003f0ae8c2c221e86b61a5f5e1df6cdd09758	44c3ae37e2ce76a9d59ec81e7007b27ecf6d6daa	replayed	Validate references and method rename across configured source modules
bbdd2ad24f98032e654b91a16209a54e88364d70	17b708955311492392140c931c7204a7f2cc4709	replayed	Record the configured-graph checkpoint in the PR integration map
714042da5f091cfd55088ad2700c704be479d03d	e160889fd5dada4e879e141c7a6584767d49d8a3	replayed	Resolve property and accessor implementations from compiler composition
87eee85b1b81844d7d77426b9a04b627bb88d2d9	16752797daad0e2c446a089dd47aa2bba356f51b	replayed	Record the property lookup checkpoint in the PR integration map
570a7e87030a5161d93be63598e736289c540495	86bbd2689017e0b1c58cc1c7d12a4b5f3a7912ec	replayed	Extend compiler provenance and harden LSP semantic queries
4ceb56477f9151cad609862b927b1f0a3046de73	bc8ca13c2c97bb3669ba1f7a2b9f1a523155a75a	replayed	Map the semantic hardening checkpoint to future PRs
abbc89f887f9b5f3b4770c412e5b885423193802	fe39d6ff9313286b95c34f0f6756a1085db7e031	replayed	Support incomplete function and constructor signatures and annotation lookup
a0ec10840d8994e46b3203a8d77d5f955befdac6	6af49b2e05c6b359a2b0a8551b3bbca967825ec4	replayed	Map the incomplete-signature and annotation checkpoint to future PRs
d0809cd83c37a03dc4b534042e5ec9d06db00fd4	3b85cdb291166bbde1d7f9792a907573f869fb6f	replayed	Preserve atomic result and receiver types in compiler output
aa65860d045f285e5a176b871d96ba359e93e268	6ed6dc62366fe0a296d78f6c03721a43ccf91062	replayed	Retain compiler cursor queries across missing delimiters
6b084731e95b01650d69329aa970d0d56fd30319	c6d3043866a7d52b82fa0bee54e95294d555b9b3	replayed	Map atomic emission and delimiter recovery commits to future PRs
f2896916b227acf541b3ae6b8a59c8abb8909141	05a63f793910c57e4d0251e86144e7dd7dd83f43	replayed	Complete missing argument values using compiler fitting
70a26b1d9a003736ab6bd01fc3b1a5f623aa61e5	0b5c6165784e4229019d0c430cf0cb01fc5adb7d	replayed	Map argument completion checkpoint to future PRs
dc3218d81c6fa0c469a3a5460b95a81f8ff3799d	2a787d67595a24fdfb0316a09bdae8f6bf403abf	replayed	Complete typed argument prefixes using compiler fitting
156d026875d43f7616c3e0ce75b842feb744245e	99741a9c28ba534551109625e16fa165dc7334af	replayed	Map typed argument completion checkpoint to future PRs
4e46becb631a5b0d8cd076a43add478f436bd791	46ba038b6745db083328aeb74aaa7426c6ba5440	replayed	Exercise compiler diagnostics and configuration in IntelliJ
e1b9eed497c1db45134cc3a2b019263c0a4a41ab	7b5297a30b5054ba7182b8e93cca407b5d5e667f	replayed	Map the IntelliJ checkpoint to future PRs
ace732d5cb691bce1fa35c442a4fd763ca5ca322	46d775ae22df827653fcb7a025c77a664a2365db	replayed	Complete compiler-fitted property and constant argument values
cd4ad0d64581edc3fdedccc9639ebaba20f1d3de	e12e6849b7bc3ee0ed10ea588ca3e2f566ea061e	replayed	Record property argument completion commit in the integration map
46d6c1442bf68f9caf16d59e48f8e49f11d10516	4457a5c57b09122cf439dcc453bb7e3d0205c5c0	replayed	Support specialized constructors and declaration cursor recovery
185ff84b1fd364628ddc15082247d772f77c2b30	de9f298f3cc3b76086637de8ef8c11d5dfd52799	replayed	Record constructor and recovery checkpoint in the integration map
cd1732d42f4f50e3662fd59ccb4b3d0268634d9c	04632fe099d68c3618d884fc009e2901a7defaba	replayed	Support anonymous constructor cursor queries
c7976f9700af3955c862befd03c6be772c73adea	fcb2b42600ae8b6e9f27643d87a5813cca7c1dc3	replayed	Record anonymous constructor extraction commit
019d3f811d6f147a70aebfcc9a932256d08ced74	647ca9dee9e734cf1f48f0d1154e99df1f102960	replayed	Share compiler playbook scenarios across editors
4dfbeff2e4e401df25abcdedf3d492c8a3205fc3	45b9a2342a45e5bc1dc21f73eaafca5d0134e86d	replayed	Record shared playbook extraction commit
ec85fcb98c6ee625b24c8f8090d1544838d1995c	141792a88a7761cb5d1271166b73500b6362d26b	replayed	Verify native IntelliJ method and constructor signature hints
3f46568af9141988ad07ee9e8943e956ea21a0f3	6bf81f2a1a7318f2da0f063ecbe665d7f4ffb457	replayed	Record native signature playbook extraction commit
0b800c392ba87aee7875be1300093e5fbcd72c31	a203ac06f01fd3b77bb2721909d60390275e9355	replayed	Support compiler completion inside array dimensions
b17a9adec14b52e73e80d0ca4877c86e4292b9ed	64292cbfeae6789deaa5788ef2340663d096b5e4	replayed	Record array dimension extraction commit
68a291c0fa7a155cfbd756be7707491c454ddbac	79f22de4fc373bbcb2397a54307e1ca27abc0778	replayed	Recover unfinished declaration headers for compiler tooling
7e9511eda8f7bb45596e3217e3c48d34a3e4ff5d	a7f32e1d587ab8fea307b785e0881baaebda4cf5	replayed	Record declaration header extraction commit
2478bf7fba14d2b17441023ed3763e2fd3c06142	e152bd776cf882d73bb70cdf8e25f39b3d75dcbd	replayed	Complete qualified declaration type prefixes through compiler scopes
450e656861690b3efc4b5151709968005e040712	50783beb0c97c547d60be2ac9927d921bf624d19	replayed	Record qualified header extraction commit
3571d265d5179139563b8cf14411083c730e1818	51fac6d7fd8103446f51ba3e3974d86916e74bfe	replayed	Complete parameterized and compound declaration type prefixes
5fea5eede18b189910eeb363ac5d953c549e8840	982b1b008cb92dff2e3d8ebd0d8f2af23e96ff0e	replayed	M1: Clean up imports introduced by the embedding work
10feb188e833bd8cf0f0d1b6a65f924633723c07	050c9213a573efe59e5ed84432a5224d68cd0484	replayed	M2: Establish listener invariants at constructor assignments
09d8d64d6b792fdf7f531fb7337e8152095fb86a	0ab6c4fe26b22491f64e831af2d229a0f361bfbc	replayed	M3: Express diagnostic severity comparisons with domain methods
54a1ab8903ad30b68d5bbaee200ac7a43578bbe6	1aded8693d7a500ac928a9e7c1be024b9afd8993	replayed	M4: Bind checked types directly in parser code and tests
5541108a4954e1379e9a74de8da057bf4315d5a9	014ffd671d2ce7ce82500300ac1e5c40789fb5b7	replayed	M5: Build repository and diagnostic views as ordered mappings
9073751ac5a138f06d78a59f082447233472f4ba	54a7e0a32b4b24b806f710046776a7b7869eb7c0	replayed	M6: Collect cloned trial arguments into their mutable destination
9045d639a185716527d9925c3e6c892caf69c6a9	05e9752c077799ff8597126229e176102f370a65	replayed	M7: Reuse ordered diagnostic forwarding for module nodes
b95dc7f6b5aee148cf1b84f7cdcbcc3329e50f74	1d1391e49925e9a9b86fb929e37b58270170034f	replayed	M8: Name semantic snapshot and adapter arguments
a1d1a0c7077d8e0ce0f52580c9bc319c418f8eac	044481af2e312c14a5fe976b90929c8e9ce5e6a1	replayed	M9: Make required source symbol lookups explicit
1eaa68fd3fc99d83b8047d51be37b727e88572d3	3afd1739a83b348e71a61f80ce17cc7b2c805713	replayed	M10: Build read-only syntax and semantic views once
6732308cf92508e284218328b774c7a2f32cef4d	083cbe7b40747533f34918fb8b8e5853f684b698	replayed	M11: Map declaration categories directly from compiler tokens
7187af900fed74fc847a861ead57623fab3cce2c	af194fe855107f38fcdf0ec1e1e02df881c81366	replayed	M12: Name accessor and source overlay tuple components
50411afa47e4ca2143671c133474b08533347651	78e7f3f0dfb4c65bf06598ff96288fd5bf19dbb3	replayed	Separate iterable AST child views from mutation cursors
fd4bceb812fb2179450a8b1f61669aca291112a6	74ea14fe288045c72b6aab3e0b8a639929320d20	replayed	B1: Publish immutable compilation submissions from the lifecycle lock
ef23fb8e244c92effd3cd45334edc400fb237f3b	f8db95198faec19f8fb648069ca38c1df777c22a	replayed	B2: Preserve node identity when publishing compiler binding maps
3ba1d5e21147de4df54ba673b54db8b77761a18d	0654c7a5fb70320bf28c3f344cedd8e5f67a81a8	replayed	B3: Make dependency-ordered invalidation accumulation explicit
2319578a7aadea01782bc5a2bfcbd73dd035194a	abac7c7e09d759a160bc8283970a54da2805fedf	replayed	B4: Group immutable cursor call facts without changing record components
035df1099914ce1071c3b201fe9e938316cf82bb	c3a2c72552472e7182408e5aa0a63a09fead6052	replayed	S1: Express independent fixture checks and cursor reporting with forEach
a790ed9b11674c72b9f8bd9bfbec30cbc10b3ee5	b22fe71b0bb20117e98f3c6a22c5501076dd9355	replayed	S2: Use explicit list endpoints in touched diagnostics
0b689126dd2d9681cd7d958c2d0f416ef483ee9f	cae3d37de0096019d845410d20286eeabf15874d	replayed	S3: Map written name bindings directly into an immutable list
197b424270e1e27ad98a2a1f983b7bfdbbe17862	fca2e33b3ec6f710f4c04fd4a664b269353cabd0	replayed	S4: Simplify array conversion and repeated listener test reports
2e98860e146f5b2a5ddd5c28a148d863accf073e	b45af476186b414353235570ad8a39a17b67cd6e	replayed	Preserve compiler fold boundaries before closing braces and following declarations
3c68c2dfe752ccada9e6359f1be2e56d94b632e7	953b4899eca87985863b1787830975cf62b2c156	replayed	Extend shared compiler scenarios and native IntelliJ playbook assertions
69e125d01b28faca68f9f6563b8ad65f4eb2d7a7	10b826f14c502aab5b0b1e2374251fd8bc004f3c	replayed	Record modernization commits, adapter capabilities and editor validation checkpoint
ef2b0b87069e87fec14d4a12c9d8fa17bdf7aaad	643808239ce5e8d59d95c9bdf093d25e53367b5c	replayed	Recover type-composition headers without registering incomplete classes
9ff95ec35c73d4a76ddd30a35cc17e4257cf4ec9	c1f8f0a5424018ae6f99f47ab02a9d9d2afac97f	replayed	Prove composition-header completion through LSP and shared editor scenarios
0b82e609f3e57129d0d4b8092424ea371714ff8c	bcd5ea4df8ab60be5e5825bc30c82c70b63155fd	replayed	Support focused VS Code playbook runs by scenario ID
885293f8214c4443be1695790c773f84c8ee2551	ca030a196eabe0b73f526277ec3a578ed1d58608	replayed	Record header recovery contracts, validation and extraction commits
1f843896f4019ce2137ebe6539a3fa228afc50d3	74a713a3f7c1ccaf7a94333ade8e4d6ba5119377	replayed	Complete generic type cursor queries without mutable AST state
45e3a0998701fc7fbaf01b349d7254cc491449d5	b5a1a15232b40e8e04200f178ed2a7cfa2e89301	replayed	Complete generic header suggestions across LSP and shared editor scenarios
5c334f9194ac8e62da7d41c1d5f13fd5f0377165	9e07766bcab268463eb701050971ab785e7cd743	replayed	Record generic type completion scope and extraction commits
837fae19cfc2b34afb7121079211a5d9d16d50d5	aa5db4d7b2006d93e376d3ee699e349f02fb18b1	replayed	Fit argument completion through qualified and grouped cursor contexts
1cfd3539d8cd4d6718d41428ac86a74082b1f3ae	892a7621b5ecba83ed6f3558c705fc0c855be04b	replayed	Discover workspace source modules and bundle the complete XDK library set
705552d25412e10259093d8b11596187f4a80d8b	a124e2ab5b7ca0596147a68b97417c8ae6761cd2	replayed	Join compiler identities for workspace navigation and hierarchy
8752b6b23f3bc7015981bafc158a8ac0b770fdcc	568222a5294946faa86ef0f9f167ae018f6f71d4	replayed	Prove workspace type and static member renames and import cleanup
987e01fa00c679c8618c03be762071181f3aa69e	a11e34680ab39c608ba7b059deac0907e351c914	replayed	Add compiler lexical editing features and generic base cursor completion
1139f8cf0b3e514ff945d7c9dcd03a4a5f492d9e	0a2feac0041c1061bffd46a322ecb3bbeb30896a	replayed	Fix argument receiver ownership and workspace URI aliases after combined validation
d046db4a8e6aa8baa4d4b8d7e073a88c61bdf3ba	7e7f389100bb3a0d5be3a01d0b11ea734988bdcd	replayed	Record full XDK bundle, five-area validation and additive extraction map
d6039532d0e4c9632ffb441f36aedc78ce7c6b50	b82759171671b4d2e935193c9b891b891c70ec06	replayed	Support live compiler workspaces and matching XDK source navigation
82204932a809c48869a310531b1bfa1f70d59cd8	647bf546904c1840dc9a94e105834987409d6d2d	replayed	Prove property, alias and file renames and unresolved type imports
a5955fd2f8b7073fb93ce953f13eb7ef558c1362	29d9661b2ac5c413ce0cd3a0970b30281f217864	replayed	Complete function and sequence type headers and extend editor parity
8b9ccb29db2cd65bebcffb57d21225e9e9399b01	8d6e3a4ff1da51d4bbcfc7b5d96d7809438be17f	replayed	Map integrated compiler checkpoints to future additive PRs
0a60079864fd70ea9b4caeeefeee52f36bf1bce1	6ff67e40463e44eda28b319bec59ecf5be146438	replayed	Complete header recovery and harden native LSP workflows
511195564992fe3bfa7bccdfba6bc7145887fd0d	960b64697acb997deb86a854ec19b42c1b291b71	replayed	Record header and native LSP checkpoint extraction boundaries
39348fd9b08b7f8a57a1f2559dc1e2b4cb1d10c1	d51b9ba83de403467c9a15e5c6676aea1129dcc9	replayed	Document compiler LSP coverage and remaining completion tasks
4c87312b37f43817a3bd03e03d8f7f962523cbd4	4b36f302c7157cf8e75c94a4e7d61407a10c07cf	replayed	Make complete IntelliJ playbook parity an explicit required backlog
262a7defe3385f4d1cb6e20b6b176bc05eafee71	767ade9ea247d2315d079d5813cfe9b42b8df130	replayed	Add installed-client inspection and isolated IntelliJ playbook helpers
5119c682f2a78705d770d05e775010b872e60580	e99d0124c3b2f9997f9a4c06f3e3fdf6d1b33e36	replayed	Render compiler signature labels and active slots in IntelliJ
93a82ea8bbd35e83a9a187ac78951f0b50ab942c	a0aa492672f609ce72342411656f1382af73c557	replayed	Invalidate IntelliJ semantic caches after compiler analysis
eded39f0af956fec29c89ef505bc48f557f9ee66	83b3efb97fa3500591b6b2cdc6b6cb92413352f5	replayed	Guard IntelliJ symbol renames against retired document snapshots
dfb7c4ab1c2290adc44912210ede964534e43d6f	1c6b2c68aeeff7579052afb0c40e3ba3b82b86d8	replayed	Implement the remaining shared IntelliJ compiler playbook cases
bccb3539e41d717978b6d5843db3cc148536ef77	c6eb0ede0c0222b1a291b16aa0bf6efbeaff2af9	replayed	Record native parity receipts, client fixes and extraction dependencies
594c49328b262c484505ba3f5bb31365dd2563c6	db4ed853028aaf3039ce2127b851a6fa90dd0499	replayed	Refresh IntelliJ signature metadata when parameter hints retrigger
912abf3b835887a6d4cddd138f6c824dce8f5acb	ec76b52417c10d8ccfa3daf7bc24de1239e952d6	replayed	Release compiler pools during project rename proofs
8e976f8688bdfdf05d62f6296bdcddee95482a92		absorbed-upstream	Prevent IntelliJ LSP startup after connection cancellation
eefc1b8e6138c02f2d4c430a5920ad967ee342c5	d5b7e313b9f36dbbd1663bd6484efb80a8e3be0a	replayed	Close LSP resources and terminate the server on transport loss
73290ac148d17288aa8c9ac53bdd7a380dfc083f	8d14f209281fa1713a10e1d719470bc5df6324e4	replayed	Read native playbook diagnostics without evaluating lazy quick fixes
f97cce9712e63ef6f9e0d1a7d1340a347cfaa8a9	002c9d2f990572fe86aca8754d827f2278e1aff5	replayed	Record lifecycle fixes and current IntelliJ validation evidence
6d7e5b7e5815f4ab82f824f4f9c359fbc33248a4	9caab61d29b7709a1bb675c935732c15fd2a0c70	replayed	Correct native playbook overload, fixture and PSI-read checks
0e57f8e62a3ca63c056ba11ec123c8d50fe1a2f3	3692b2497e06eabe169b39a1574b91fc71254c55	replayed	Record resumed IntelliJ playbook validation and remaining full-run gate
5fab7cc6be98c81a30e9a2e032ac425bdee698cd	51aaf8143cbabbf25e217f6f896cbc07ced6e74d	replayed	Record the independently validated master lifecycle extraction
81069582cc6b2cf210eaad88696a9ec5e9917672	87dc10e1416c2fe260d561cbea532545996f45eb	replayed	Link the isolated lifecycle fix to PR 653
5bae3753461cf2d8e83458628dd1ca46903bf1b5	ee973d4a8f8566a42b8375ca6fbb369f07aa3568	replayed	Order IntelliJ startup document notifications and reject stale folds
2c790a6d9b549ee045a68153660404c64aae7b21	2bae6596cf14ac9f8ecb6d2d19386616fc021932	replayed	Resolve written formal bounds in incomplete declaration headers
4633331ccd044d83113aa9c9ef1e5c574d302a22	5486521ec2d66e003645395287125a1f06659835	replayed	Fit compound argument operands and callable receiver fallbacks
a51872e0360efdac7899bf4e8b8fbb08596d147c	c18d7be788f477903bec3c881b7dc037e6d0b014	replayed	Present inferred lambda signatures and destructured local types
17fd2dc58f13f677eec2a410f333dbcd4474bdca	6c4db28ea2f6d74ca68b71de87ffff881d87aa80	replayed	Preserve pending reopen changes across delayed client closes
a39aaa4357e55a741ec687b4ccdfc592ec4883a3	4f64e9eed219372feb5cea5896fee90d860a7b58	replayed	Preserve written bound syntax and reject unsafe formal constraint cycles
fef2c090eac9db6f9a81f4fc16e7f4ce21c72a54	3c898114d50ddd49a336def96e416249a8d27bc7	replayed	Validate completed argument expressions without rejecting filled named slots
64658640fe933dfaf9203513ca98ed21d645ef5f	dda99d76c0de6f926c7cd9c81da85039dff725ba	replayed	Exercise formal bounds compound operands and inferred hints in both playbooks
0a2f86e5f6de45cd8e03bb7cc6fe6235afc68ed4	ba6836f58fd5ad9c3ef77c8fadcd1baad1ce68cc	replayed	Keep constructor argument validation ahead of result type inference
c2b321f4a3171d493b46fdb51aadcb221290c668	cd08add7c1250989af48c4ee15c7ca83c2f61be5	replayed	Record L56-L59 validation scope and future PR commit boundaries
a75e2f5a24fa45d9b933d46fac3e82ffa2d39be7	e25ee4fed6057ade87a4d654c892d543a838170f	replayed	Avoid IntelliJ rename deadlock in startup document snapshots
24b6b03ff85e11df06eaf603fbc5cb6075070d70	877079f55ef7a0e8b2ce8e735434cc05e3d29fb5	replayed	Trace compiler queue contents API calls and LSP reply latency
51579aa591843bb0570c7a6937f6d664a8ec4084	cab801548ff8825eb28fe0d9fc977ba65b9b1e6e	replayed	Dismiss untouched IntelliJ startup balloons after eight seconds
7aa642b792204c2b28e31cad4de19c67619bac44	a62794fc253783fa59b8fc7e69d205df28fe746e	replayed	Space XTC fixture operators and adjust playbook anchors
4d7f0f22bdd4f63b5a1f161070ef6ffbafdd535a	1314e997dff7bc3e4f1b00607e0f27464110184e	replayed	Recover native playbook focus safely and show progress in both IDEs
86fc15348c06acc4197fffdb359c63444cbf4ab8	4e2bce3f69003a91cba06a7754f8600b9d747365	replayed	Record clean native parity checkpoint and PR extraction boundaries
d3c5d194b88455dc8ed909812bc9287835324abf	4ebc0b15e6b075ffb124f42f797e50dd4db04877	replayed	Exercise teaching workspace rename proofs with unsaved buffers
1b72571d21eb792f478cef0b150685b17d45e9ad	3b5ba4824e505598320a0fdc5f9961b4a785713e	replayed	Implement compiler declaration navigation with inherited contract targets
bd760df33e36d96e54e6dd9bd8faedd17fdeb080	a498b651603ee1f5a996b67468c6e83402e417d1	replayed	Prove package companion and discovered module resource renames
3de9ef126ded2d17f8678a1029ceb64094b916c1	b16596b0e8732ac89f733c2e783a456386cffd41	replayed	Fix teaching workspace rename proof boundaries
89e2bb4613320a2b7eff0ecf5953486357bf2652	988e6810f835c6b2c35b8ae4a3b1b5a27ea99fe9	replayed	Validate declaration capabilities and installed client navigation
eda44117431d8c7940f9574034d490958c997518	d2d43b51fbad44f8a48e9b4cb135847e3b7dffa9	replayed	Preserve package aliases during module rename and verify resource undo
dce52c06aabeebdce5331f1dfb2284e9295951a3	3566255e28c7704c3ec0c5418039414e6894e2ee	replayed	Record teaching workspace declaration and resource rename acceptance
714a219e5e2dddbf19440706a65a105f68adf029	4094d2e346d7de99532ce9ad27ab4f6d284b572f	replayed	Plan shared embedded compilation execution and debugging services
ddccde96171d9940d040182ca11389351d049d28	e5846713741c6d0f54a198d2074c6cee002c5f91	replayed	Track public parameter slots across compiler rename proofs
aaadbc134d106f5e4544d82d0a68813d07887b4f	b6e6de3dc39bd8dc582315e392e4835d6cfc105b	replayed	Prove composed method and property rename routes
4aee818738d43f71f83babf42b8f3a853097a407	41fb1da42007b3fb1c63dd3dae2a7b4a48083289	replayed	Plan qualified module and implicit package resource renames
98bfc2f718dec1cbfbea17994dd5ad168051f7d5	1cabcf9e8c6d42776dee85cb2edf3bb7406fcbcb	replayed	Preserve contextual super and partial facts in rename validation
0b1db0980b09c135ac8901270b0844c60434d5a4	8de58f0b1916d4819f758ee12e001f2ad353b3e9	replayed	Record rename validation and embedded execution delivery boundaries
0a82d44fcd6d80fc93fbb7d8b76bf652d34eb0c9	4380482bd2e059e35a838ffb89ddcb251dd12609	replayed	Share parameter composition and resource rename acceptance cases
3e3cbf40510cb1adaca3d43ea6f73a0565229ea1	c5c6069d8be968c3d97f1156be72062a5c6c7f7c	replayed	Persist compiler source graph replacements in native rename transactions
a2f84748de94f73fbb8646ae0e2356141dacacf2	0e0a4609a5a5c9c720b131c4dc2829c18792bb5d	replayed	Audit rename refusal and configured consumer boundaries
2e39ee8bd7ce952947ed58fb4b43c508fa76ba53	5282b3522d22d8c70b4af3b9550fb7b7177c2240	replayed	Harden native rename settings and validate resource edit history
5b86297c1a7f24377cf702843bb1bd863286d90b	3cb5370793937ff071cccddd2a12509e83bbac26	replayed	Record shared rename acceptance and remaining scope boundaries
9e319b21fcb2af0e202b0f33c098b6ed7661f136	128a406ff809f113a575f02b7fcf61f1635d42a2	replayed	Harden rename configuration scopes and history guards
fd9e047c2857a9af71ac60c62d036942f8356f63	365b77fa138ba4311e86699fbfa0c1a5ad585f2d	replayed	Join primary constructor labels to their written property contracts
330d18d08c3e04e650bc1a753087cb72953f6e3a	6c1e0dfd763d55029ba45f94923218beae9875c0	replayed	Prove lambda parameter renames using written source bindings
91f0d14fd254fab96e53cb41162f886504886c25	34c8dfe73e51c822ee69cf0d3c42c254538e951b	replayed	Allow parameter renames across positional method value calls
86fb4c3a25da96cd23490c27a5ad8a0c6b985af1	91a140a7d531ed407d026833834e8cbb38b9f9ce	replayed	Report rename proof scope and cover registered external consumers
4937f438245f3bb7bb93110f07aff6171f7b99e7	131ffcdf84b452d9a89d306018663d83c2ec7621	replayed	Complete delegated slot proofs and correct native rename settings guards
6a871a31c16e7446d84c33e1b29e719beea57b90	78d1764063bd8b5adf60400d84f26f06d9d5e4ca	replayed	Record rename validation and plan the partial AST package boundary
54facc4888b2137a29366e0da3c31bb268f3076f	0bb117439ec0e04a4fa53e807b57aa8e6986d610	replayed	Audit access boundaries before isolating partial AST nodes
581daf0398ee3a6cb5a42ffabcd8dae3b350b01d	3c138b4faeb943961c5d2a77f80114033afe5311	replayed	Exercise multi-root rename settings and conversion races in VS Code
92f86b74162b475ea9793ce3d528496e878ccebb	ac6d475cef0cf56cec861d0ea7d6e84c21305250	replayed	Audit compiler dispatch provenance with real composed type fixtures
1df7643d28ad3e7afc5bc3766877c1984e874adc	fac0c98f1e2f1863b93709a2c1cd318d293bddd0	replayed	Generate compiler-proven implement and override method actions
a1e7360d8ec62f224b6e0b97ef707a250652591a	c7d63ef191fc72466f84663bce0530ef4adf1387	replayed	Align member action naming and formatting with Kotlin conventions
1db6200cc35339e581e7ea5540788ddb67b177aa	4602a46d1471c3a727a4c5488dd9c1dbb6b79f09	replayed	Compare written parameter identities consistently across import repairs
1f20a7255d7104811681fcc1f12fdcb656027a17	4c76bc1035ce3b2d5974418f7a9a5b1a17c52b7e	replayed	Verify VS Code enforces workspace scope before native rename
c8fcbd665d31d28456cd1db915a5cfe930cfb6c6	84d086f8cb39f157a0756cccc40bfdeccf137a01	replayed	Cover member generation across modules and conservative proof boundaries
7ecd4ff938896beff296e870cacc68cff24f30b5	8555eac73d4ce5e40a9528612821530618b702ab	replayed	Record member generation and native configuration validation boundaries
a2043fb8b787eb67347124244d1318c748300b68	e7d523c070e86f44f2226d791ceea96e1799cfa4	replayed	Share member-generation acceptance and native edit history across editors
020a1a5a4cd8dbc4a27a83b42a07beabb7cf78bd	eafe879245f173c86fdbee8a086799f4e52c196d	replayed	Analyze fresh declarations for member repair without resuming failed compilation
4c841f6c96a337a255a3addff52d17b2f0280494	ad50b691366e4fc956c2bd883d4feaf2021e4772	replayed	Render compiler-selected generic and conditional member signatures
985d2b50c060527567e3798118e698a5dccb243b	93d4c4757989e288ad9a38dd723bdd0c36bf0b15	replayed	Prove inherited call and descendant dispatch changes for generated members
fc92ee79be3998fb872bdba68bf8dc2954c0b7e8	e9cf61858b1d04960e84245dfe0c699a43b4a2d6	replayed	Validate generic member bridges and expose generation as editor intentions
88e4d347fe5edf0eb154db18173284c47d8c4d42	05538d215d14ff5496dcf8d514aaae20cd6a1b77	replayed	Record member-action validation and extraction boundaries
4990aec90ab6a1a1a3340893eeda8fcd78bae384	462364d4b3dbf3cf13be33b1f3b5fec7d02a2fb5	replayed	Generate all required class members in one proven repair
327ef4f4e01c5ceb5af55a3b13e497ac1e1ddefe	8e4808151d0aec1bb54a63c35a64865fb69a8c81	replayed	Clarify LSP investigation tasks and partial AST migration design
4091a1c47172eea04d8b64634b8240fd3660feff	4cbe7a58a0c7a425263b5e81445ce77a82000291	replayed	Generate source overrides for immutable dependency contracts
778dd60d74ea56cc76c2c2f022d7b18cb1454dcc	0341c2e82772338ffacb7ecf897407d61f942038	replayed	Render qualified and compound member signatures with proven imports
ecde342f73a66e9ac030eaf6b889446cb5197da4	84a1d14b5cf26ca4816c87ee58949cb93ac92b70	replayed	Preserve safe defaults during fresh member declaration repair
3b8f7987b1c1463fc9481b04669d3b092e2d4442	9d55ad39199248baf7e3ec0899dd7a0a33ecfa00	replayed	Validate complete member repairs and native intention acceptance
c958ef6672a87ac67829d7ae4e103199a1962f5d	df7e78413e1507e4d97dc91ad5464d53b9db6418	replayed	Record member generation acceptance and formatter warning diagnosis
63edf658c3ab7cb57bb2868923d423ccb2e1e71f		absorbed-upstream	Replace lang ktlint tasks with Spotless and ktfmt
59289aba65157f20947f965fc1914ea05cefe1ee	c3c0894660e12546790f2f3f935480a1fa329d2c	replayed	Apply ktfmt Kotlin style to lang sources and tests
ba91f36c295e91ce0532307b0dc8cab99c7a65f2	e88946390cc1cbdba5f90f1e2bba17340dc09344	replayed	Document Spotless migration and validation checkpoints
829eb41dedd64cb9e5c5a09aa168a00e25a77259	94132f2755d37d76c2d5e97c8d29eccd5450aacb	replayed	Isolate partial syntax queries from compiler validation internals
29e8a64d482cdad3453a5098c85b3ae142f9419d	5c581876fa77035b82fbf8e9d5d44e7a1e496eae	replayed	Support registered AST child fields across compiler packages
42ca7f932803605c52a33fa91c7af39131497fc7	d424e326ec7c490eda8459ca179e024b2030756b	replayed	Move incomplete compiler syntax into ast.partial
a1857b8df2a97968426477af2d882dda21039bf2	19189ebc3786e3bde1534a2d92ac52198d774911	replayed	Validate partial AST ownership and map further separation work
9dfd55d0c4b3313ab61eef61803240c71a9cba6b	17ab55d988a0ed587df7819bdfa7b71fc5e710c9	replayed	Identify shared partial syntax queries for extraction
b16fdd52c233df3f247011db5c5d48a63c45b8ae	f7ccbc74f200b35d85aafe6b47fbf0fa7640e738	replayed	Share partial syntax queries across parsing and validation
d271be86e554474113cc3d877ff125b0c7266d96	4425451e72b8b7e1afa39f0c0c13b73b8af918df	replayed	Move cursor scope capture out of validation contexts
bb5bd9e95022ea1fecce7a59fcd31440d95432fa	962959f4a2e4ffa43ecd0bda427d3bcb5103e4c2	replayed	Keep anonymous capture projection with its binding data
540c1619471c6ea3e910cf4bbd37c08ed0f5efd8	af45a5521e1024b3f3ee163070d72f102e971265	replayed	Record AST helper validation and extraction checkpoints
3b3bc893abcb315d7fb7b978cb8c67d5a0db572a	119021052075fc1fcf204b16f7a9f7bf257ba83b	replayed	Retain recursive written constraints for header completion
1c1052158e2f3dd8590c37a16c04259802abe316	a63e299cfa3837b4856817b661ed6775127c39c9	replayed	Offer compiler-validated literal argument completions
65bfe5b3a47376d3e58daadcd95a472df43a2f7c	8c549c1713d9bdce5a41ea33dbba8c2dd50dc506	replayed	Present copied documentation and stable cursor candidate ordering
6e7932b61527ee1d097679d8ef4c1afb6861370b	cdee059b6a310490c600bd28b9d12a8c4d589e68	replayed	Share literal and recursive-bound acceptance across editor drivers
fd54249f8845c59ee92fda295f158f83fc6fe791	716e16bf6f4f55828dba88a98fcc8e3e51cad7af	replayed	Validate L64 cursor recovery and editor presentation together
40c475684e2e95c269a63db2c17847909cd34962	e9b90f45bcf9f125cdf0de6aedff15ee17d4ce01	replayed	Map L64 validation fixes to their extraction slices
2edbe20151abfe0f4bb86c67eb9131b40950f85f	d313fd54f47e3747c2b09433c3b9c24d8265ba55	replayed	Avoid fabricated anonymous class declaration tokens (L12)
dc742c93f65d35ce42ab90172f8ccd30330e6806	b3b846127bae568c17eb3e6804ab821a0e9316c8	replayed	Configure compiler source graphs per IntelliJ project (L16/L27)
73c21f2e6577ebb37b539d0d24d242632eb6cc19	f13b701755df643478e821234e0ea42b44d7b33e	replayed	Negotiate compiler document and workspace pull diagnostics (L68)
1670455bcc56e0ee40f32feee54fc126fd1a5a15	6d39bb287d6c68f75ba5ad36bc08af5caaf2bc68	replayed	Exercise token, project settings and pull diagnostics in both playbooks
bab36f3782df0e5c7c9ccb069ccef1e7b94632b6	b9962d2ad8f9f9bb8fb786ade205c6c692a3579f	replayed	Reuse detached diagnostic builds per source dependency closure (L67)
7665d91e9a942e69e1e7019b5c73b1b58fd880f7	19b968430837a8aeebb4dbf6ceba3429e11320cd	replayed	Correct shared fixture registration and retry unaccepted rename probes
9f1f1dc757711782a653cd05bf3830f80d15dded	89139b2802dc004b33f2c18dd50105e769e9af2c	replayed	Refresh transitive rename proof acceptance and broken graph refusal (L62)
98f8de56e2dd139203219dcb6d9928d05c2d719e	52b3608eb39b0d67d1ccd5b9f7d003115b2e1189	replayed	Expect validated string literals in packaged completion tests (L64)
f5476d30526bceae50919222853fca414008f780	f9bb83bcf3f92e265b9cba5db02a918fa56b4804	replayed	Keep diagnostic ranges and result IDs across equivalent file URIs (L68)
2d43692fee3453dc5eba64148da710cb85032888	4ccebb27899e9fa9b774718d40f7f9ed4457e76e	replayed	Remove misleading first-editor cold compilation marker (L67)
fa2c81cd7179a55f6f1932ff1d7a6c6b1e6496e3	2e23e3cf133dd5b4e78060292cba7c49247af25e	replayed	Decode nested pull diagnostic reports without losing the IntelliJ connection (L68)
4553f43afa60a8c6d5af9744ae0c6f15471a4d32	24060f226ffc81b4306d637f02b5d6cff1771daf	replayed	Exercise project-relative settings and await native Rename readiness
3a11531c08bd81248ae99cdaa0177bacc3f867d0	12bcc739fda3ddab6e0cafbad792847a9d4291ca	replayed	docs: add platform compiler demo and track discovered blockers
db328f8a16364a8b6ec3af10a6c8de1154726bbd	d1617f2b917704a25b7170fd678cdd770330c551	replayed	fix(compiler): handle source lookup before default composition adoption
7bce2da9b131ab86a1b628e956b2b0e95194924a	8e3bbdb588089034ecf809164e8acc09389f46c5	replayed	fix(lsp): model resource roots and invalidate affected consumers
b9b15329865c247cca827bee3faee2e69de97a75	7464df76873d39e554c3d9d2da1f51ee002f5c5b	replayed	fix(lsp): preserve real-source hover call and type targets
28e9e785c0fe723e81ae2b815235749bd1ca65dc	1a06ad0d64d663b62a951a24e56821d3b945a792	replayed	fix(lsp): preserve nullable navigation and validate platform resources
4e98c35a326e1ed00c0f0719dd789dcffc302925	67fa39a950fa028d95f12bd55d047e2389955fbc	replayed	docs: map the platform validation follow-up for extraction
0659cbdf901a9c4475d5f2d642c90aa154f93a2e	73d4ba2a6ff4ab238f9301aaedf1d21f50ba89c9	replayed	fix(lsp): retain closed standalone member diagnostics
23701b9c5be14d8090a27bbec4df5a11b3abc96a	756986b039342601273f35fb2eee69dd981746a0	replayed	fix(lsp): separate source edits from resource invalidation
b013606be6b7c60c064af111a475f4e2a3ca7816	5f9a0180280878dd72e662d7b5e1addf9f5ba304	replayed	fix(intellij): preserve quick fixes across unchanged diagnostic pulls
3e40589b7bb941e500a19787654c31823c225fc7	511de90be216a3c946e5dc5ded07eb6256a63e66	replayed	test(lang): stabilize playbook recovery and refresh shared expectations
37f021f40a16d1938aadd4497a1034e30923f676	ca6e3e331798ca3716bb53ee728406c2b55805a1	replayed	docs: record cross-editor validation and extraction checkpoints
581e0919702ac4e22e1154ab708c01d4125d7d67	f3b89f301d5e84d0d91caf4e00197490468ac2ae	replayed	test(lang): cover resource settings and platform editor regressions
5322d0bdaef47acb228d2b6777bc6b03d2c1daf5	7237d6291d5cdce14d56e410f361a2e8a91ce532	replayed	feat(lsp): negotiate semantic token ranges and bounded deltas
ec6976526186efd441ca51cb8763149f01e030e5	97c60c199ced82deaf767f79719bfffa494c0093	replayed	feat(lsp): resolve completion docs and action edits with versioned handles
b420f0f193550f0e228506d5a62726d9ba015f1b	f8eb74f59015f3179e02efa596a69d6396460948	replayed	feat(lsp): participate in compiler-proven file operations
18f5cb8a29c5c597db27d24cb81ebe8ee8a91e6a	ae6f42046b8c6ad87f110d15f95e45c5fcf5ee00	replayed	feat(lsp): import evaluated Gradle compiler inputs in both editors
4208d5ec795ab9926f4ba2246e9c36a977edaa0f	5955de6c6a26efaeb69ee67f48c275633d4dcd1d	replayed	fix(lsp): prove proposed source layouts without filesystem discovery
db63c64d8e0435c64f8da0780acb46b28a7fe9f1	455e63955a3d7699634e10c99d6e400ebbb950c4	replayed	fix(lang): correct resolve mapping and cross-platform validation fixtures
d5de386f2b38348c1ceefdecf1c75e6ce8c31689	62f0d88274e6a644e12b197a295e9d97c07f4902	replayed	fix(intellij): keep diagnostic refresh off the LSP transport thread
409b356d328c3c0336c2aa84a9f5f4b0ef52dbdd	46d74973fd380656bd8dc7871deddfabc9ba8590	replayed	fix(intellij): negotiate eager action edits to preserve redo
57feaf3df0d37898fd5bee68630711a7153f50a2	0ccdc05d06b2001fd8ad1cb8b0cc60cc37995559	replayed	fix(intellij): preflight source file renames before moving files
68e537a748a738292cfb02a4d9b4761a8041cfb8	26241a08b4728a828efa1337990c097b29004bed	replayed	test(vscode): correct compiler acceptance fixture ownership
0fa8f607b013537389dc0e75d20b6f57272e8acd	8d656c3255059bb0d55738da9f22e3a1d38ad17e	replayed	docs(lsp): record acceptance fixes and remaining native boundaries
2d563ec0031c97b0ca1290cf811360ef39aa3656	37a498b3593238609a2b5cfa7236e520f25841bd	replayed	docs(lsp): clarify integrated checkpoint validation scope
9f2c5ae8c3b585861f4682aa0a78d17ac8efe0d5	cf0def5a359e5446c1cffd4ceef624cb5a2a417f	replayed	Watch external compiler inputs throughout the IntelliJ connection lifetime
c748f98315a2d9812808b2cc5a618f031fcd6550	8caeece393c9b7c5c966b173a04801534b99ccdb	replayed	Preflight native source moves and apply paths in one undo command
3888c15f2ea49c3a520511790ed767bb46f8f25b	d717d6f1a7d1c34940c0224635a85cecd303faf5	replayed	Resolve deferred LSP results and apply selected IntelliJ actions with undo support
448b7f8a14b2c440636936635c99a48c3c6e698b	20e9f1db9b1803e929cd31b695df00d41817b972	replayed	Support negotiated save hooks incremental sync and multiple formatting ranges
4ccbda4d9723ab464141954564261855200611ed	8c08c1fe798715de695a4a2200aa236965653adf	replayed	Plan editor settings scopes controls and feature availability in both clients
19ba6422d45ea9b68e40b8a8fbfd349778809e53	527288ec76b26841c46d51812fdddc3deaef70a8	replayed	Use Ecstasy in editor labels and mark upstream LSP4IJ workarounds
52a61224faa29fe9a666f4395af858764715421a	0837088630efbb329b00fa0a93d4c8d9c96c7bd5	replayed	Match the nullable target contract of the native Move handler
3e228726eca8a7e6546377b68514b03acb360a1b	8ab7e7b92d9159f8c401e4a5d2068568e9554da2	replayed	Audit playbook coverage and exercise linked editing external sources and incremental transport
b895325a7574aefd4576595d2dab94976e28c5c3	2c32e7f453ac839d099c6b66c23582c8e3ef6d25	replayed	Track missing compiler inputs and preserve current rename proofs on delayed file events
a8e29266a7747fe8ef5973539e202d77e0fb21f3	fa05b9c50a6e882b2a8d42d96537c2eadc913667	replayed	Register native Move correctly and exercise project file-operation history
5ff31679701bd99e1d1aeb016881fac1c116a946	1819c3ad792d604d360e2a469d747d6f14e36c35	replayed	Toggle the Ecstasy server log from either editor and cover it in shared scenarios
ff300da947194f30a73f0695e4f795727d8a032d	f80e5f0eebd389a759ba80c58b3a9cfd84027607	replayed	Record L70-L72 acceptance, extraction dependencies and actual formatter scope
574a27ab3ba7ede3b0b64092604b441bef8c18ff	b84b2fb0f3868237fb91d02be7ac8a3804ac63eb	replayed	Define immutable editor service settings and ownership rules
b8c8fb90412805476998775d68b08b9795be73b6	c9df961df8cd1c32da0c8164c2e0d31d77c49beb	replayed	Add inherited Ecstasy language service settings in IntelliJ
fb80b423d17a3acd81547be36be8a21b48cc68ff	92dbd7e610b4395d70e9d3b06d1271e1ae473b6b	replayed	Expose scoped Ecstasy settings in VS Code and clarify formatter controls
cebf00b366fbcc6b8fbfa4c20253fa9460a59268	fb16609958af1e750b40845f15e05714404fe598	replayed	Apply editor preferences with guarded restarts and live formatting refresh
a7f83e9f08e7c8c5cc4eb3ad7a059941da689e37	3131e7f6095cd81524e856be73ce7d863f97296d	replayed	Show effective language service state and cover editor settings in shared scenarios
c6641f6eb44ea2dd9f8b65de8dff67e338059679	97c47bb4c71cbc99953b0cfd5b4b3ef81cf86748	replayed	Honor live compiler formatting and validate editor settings end to end
78f94970098bed14383c1a41326b0b39b1cd61e2	048462f2d4a84c85f4f9ce8c8fcc7b36919f7d42	replayed	Honor client presentation capabilities and legacy workspace roots
47ebab51b2500e7a70f57d17143e15b23fb44d19	10a5b7dd39440e7a6b27b9c9f7730771f43c8ef9	replayed	Report negotiated compiler query progress with owned cancellation
1e285d18e2121fb9d3f72475352360764a712775	e7075bfb059657a48bd12319b5b299d7e93add23	replayed	Retire pending document readers and enforce transport lifecycle
494b18c06119b0953303aa0f8bd5703d5c261cdf	b9d207fce78682900939b5bb3703327b6a611767	replayed	Coalesce negotiated provider refreshes and support runtime client tracing
5fd5fd74b6d17bc758d6ac8ff6f228859948abd1	61cf2abb6f9ff79a16f8fca6a731bd11d0fbb850	replayed	Add shared UTF-16 and runtime trace acceptance scenarios
fe54a9712b7e03b579aa1197bffd5680a11a41eb	309762c1a512a9e598aa4ca5169e19ecf2750db3	replayed	Guard diagnostic cache retirement and native indexing lifecycle
0d4a847e9bdfb3cdf0de111180798e437ca60abd	137a1ada6e2bb835677cacedf39b1af76302fd49	replayed	Ignore retired editor connections and stale settings reports
ec7dcbf6d60270d6f87be90d8d3c81dffe7d9ca9	894b1315762d9c199126432c145c0b0bf0bc9a97	replayed	Respect configuration negotiation and retire settings on disconnect
6169886a9135fac07dca9a1bcc395c06f025ecfb	fc7396a649334423ca04aab8b56e21f308c87f0d	replayed	Validate negotiated clients and packaged transport lifecycle
f3417dcbd2a9d79563d8812c115970d668864d14	7c8faca065d6b674e9454a33d1513c1846e21fab	replayed	Correct protocol playbook catalog and isolate UTF-16 acceptance
21a5676a3da2f0ffb13086e62edfcf454c1fb4f8	e4037be120841594d08b32a0b835c40b5c05e437	replayed	Record protocol validation and remaining semantic and concurrency gaps
43d9838068ecc6e0c5be0b141e68ccaaa25baa76	dc86f6ba38e2f46fdfce8161bf132b3578b344ad	replayed	Reconcile playbook coverage and current LSP implementation status
966b19c8921d64dbc8b220aae6becbac807ca4a7	eb38bc85f819ae61b1279ff0342a22f191f4dbff	replayed	Bound resource watcher replies and retire abandoned registrations
239c39f722f01ce4199f7a5f6e9c40b2326278ac	b14619b08081cfc24dc8208b35c74cceaf10dfe0	replayed	Reject stale compiler path dialog drafts before updating settings
6601c768933167ce1c32b098c4798044655121ce	3e37c32bfdee7d31f05ec0b3ac650f5e06a8341a	replayed	Preserve open buffer ownership across workspace indexing and disk events
4cffd28aedb4fd9c52c9dff550ea90019a9b34a2	5e7daa4f937501e55ce0e78d0a3abf46d5951053	replayed	Retain semantic facts from successfully folded property initializers
5c088321acd06837f3f856fca810cdd88f86c5d6	ed9b1fca720a35b8bf8763fe12b2256babddfa39	replayed	Honor negotiated action forms and completion presentation capabilities
94b1347bc1d755eebe4f19517ebd842098c48b24	cfed5b0bf058617cce071d3f9d6a59db088c9c44	replayed	Stream owned partial results and report actual workspace indexing progress
f9b7f81f71fdfe3022c878df119f1c49711a8476	a92cbede353d71adeb1c0426c3a4a47c82953d5a	replayed	Preserve watcher removal retries and normalize index overlay ownership
e1b069075ebef742f6b921aa7d6d3c377f639806	1088ad93b3a8cbac38da44a0854081757e6912f0	replayed	Verify initializer API migration and exact semantic token identity
1884450742ebbbbd4316ac69c48a349c48c26940	0b1b53ba4fdfdd751f5eaa50cf75526d7e62c888	replayed	Verify partial results over stdio and correct native initializer acceptance
9a5790cd6343c841d545aaa5b2bf38b125231c25	23affe68734abb78d7fc4ddc50ed37c4853c63d8	replayed	Record LSP follow-up validation and remaining native capability limits
992b47f26fb007f1522c9829dcdbd6afaaf88914	f8648ece7dc3b7e8e9069c8a4c6aee7e3e46f5a4	replayed	Guard native server text edits with transmitted document ownership
7a312dd9d2af83fed6e24681de1872750c0c4ad2	a30b487452a8dc576e286d12842334b2910454af	replayed	Exercise native progress cancellation and pending-work restart in both editors
3987e26c172b075526d2a10a7c444687a1f84035	1f20e950d1c9c0d465be9141428b707e5d38d3ce	replayed	Index lexical line offsets once per source projection
8254048a095fece0021c277a3a521bc877ca172e	18a260e5a492ddc7a8f6f1e618f9e675e78d6391	replayed	Format closed Ecstasy documents without requiring a live editor
cff4c1283ea82b9c3425b3499f8a827e2b0bbf5d	3e7add48e339f08915fce8a2ff25745aef0bf85f	replayed	Isolate native playbook fixtures and observe lifecycle events directly
6b7b4dacbbfe29b974996abdf10ecf95c913e90e	80aad8cc845126f819186bd7580c328d55b6e1aa	replayed	Allow extended compiler retention workloads without changing test sources
f8fa59c863b9c3662dae726e2aa1685af6555cac	bcb467491fb7a5beb769443fa4387fb65fddf8df	replayed	Preserve incomplete cursor queries across unchanged directory watches
abd8b1a66ff0ff6cd84ae0d1db6038745032128b	f1701365103913d8d887debebe83b13316e4be54	replayed	Observe native compiler progress through the installed client models
636cad4b89cc55180ba8240b22223395cca3e122	b7c4df777ccd2b2c80a5ba703eae3bcaac7737f8	replayed	Keep Explorer move verification focused and never replay completed moves
05841a78a5d7c7bb9009c1c61898ca6ad30c9674	4c2a5f65cd4ccf720e97129a8f4624feb0171570	replayed	Wait for native document readiness and activate the intended editor context
586c5585c9dde653f854be39fd1cfa4fdfb48851	085120b7af1e7d0ceaa3a43865ed0ac0ef724ffe	replayed	Isolate VS Code smoke workspaces and restore settings through the editor
0f4bcd1ab0911fa517ac83fc8d17b106cc95f39d	b0130d6b3ab429682eadb30cd8fa85208b7b0c23	replayed	Show shared test progress in both VS Code test runners
9d13ee30b300561c748373a9ad61596ec5a78ac0	151289ca0701cdfe1889f86df8f0f200681bce25	replayed	Record final native acceptance and remaining VS Code Explorer failure
32e80a6125404e243c7d886cff11b7d06bd05883	1890d4bd64f40963f9e23a257f0c6c7c36db69fd	replayed	Isolate Explorer Cut cleanup failures without the Ecstasy extension
7d94c86bdc9b13b4bc9fe3c56cc80b542d940b9d	cfd72e63dff595b8f835610b351a3ca5e87e87a5	replayed	Guard late settings reports and exercise untouched consumer refresh in both editors
62e6a0ec81c2c47e014bbbbd5de5fbc96232fc42	4fa603fc2023ac42a2443964456348371b020373	replayed	Measure packaged compiler latency queue and heap on real platform sources
557dbd894bb54e7d2f6e0050f9e1c9787bf81953	37b85eca919f7dae1519a1ed093da31ab0aaa544	replayed	Reconcile native acceptance and concrete remaining compiler LSP scope
3db16d92366169bb9d4a4fe168a000ddb51653c8	6048222c0560e96597b2d6fadcc9b564a38588f9	replayed	Wait for Explorer Undo and release held test replies on failure
43da5db694a17b0a24aea70175f1fec397ff8b2a	156211b294fc883ed8b5fc62206f8bf5f6717366	replayed	Guard IntelliJ report publication across service settings and restart
f8980976cc4b2772f65c27a133d44b1893cbb12e	68eac64c6c7441335dfb8e127f304c139eaa8723	replayed	Summarize compiler trace timings in platform workload reports
26bb0ab7c957f1f6f7edb47106f07380c4a53ef8	27f09cf8a6556489c11f68c35d1af565425238c2	replayed	Record reliability validation and measured platform baseline
f83707d9b4a3ef8ef65cb1d90971aa5a1e8c2b59	e760942d3eec9c080264f65595771e7e82afff29	replayed	Require native window focus before playbook Undo and Redo
b8ea5fcd3e63fd9434b5cee22bc04366468e57ce	7938593b0480fccc02177bdcc667a501a49a1792	replayed	Reproduce stale Explorer Cut nodes without the Ecstasy extension
82e8a3167e9c454d4f6d320bbfaf6dd2e895b79d	fce5d426dd29685d13c319dde33dd31784d2b163	replayed	Document X130 host reproduction and remaining upstream repair
84f1f8e63a33f0512c0b70dbf5d53f27bfb9dd69	ec86b3f7d3326dd11855cb08fc1104c15b99dc66	replayed	Honor negotiated optional LSP response fields
3ce216cdddaba03e2849af9b5ab0066a7efa8c41	cb56668620f15c60fa895598c9c7eac189c56f4d	replayed	Record completed L80 capability audit and validation
a3b70099771648203aff0463abb06ecd7b1242fd	17bc29d50c504df5887127c849c000c0c6e52d2c	replayed	Align lang formatting with master using Spotless and ktlint
67b4cf2eae685fa30669bf8a86e81d9f4d423a3b	20f2fb12e6ac20fd76f86de22eb4038c28b7a6b9	replayed	Harden LSP progress ownership and report compiler activity
b724b39bb0c85de460374cdad71155386861417d	06c7d5f456be9db1e4c4574c12e72ccee4c4d6a5	replayed	Improve editor progress acceptance and startup notifications
7765ba4c10d534216dcc7d83817ab181aad92d14	9a1788965c361f3732f6851f47f79846c570cf54	replayed	Track upstream LSP issues and record L81 checkpoint validation
aeff9562f467adf04bb45b046f175cd9c12aaaed	6b65becc93b31b23aea0aed66c96e7675f800948	replayed	Compact IntelliJ startup notification metadata
5431c60fe54cc1b2a4d353402a71e993903b075f	6d14540f2a3ab42c4fffb14319963231035f7ff2	replayed	Isolate IntelliJ large-file range-marker freezes
3ee97b1611b0edd14cf6aa5c868fcb389d4d5732	7bd38978a3c9b0efd7c20bbcf3d25d8c349741a3	replayed	Measure semantic query phases and large-file response costs
4acdbdb597345a16e2b62c85846128db0f1bdcc8	bb44ec254c8c36edbfd1dce8076ec4d8ae07fb48	replayed	Avoid quadratic semantic token and inlay presentation scans
7364e0af8edaa03db3ed96ebe89ff0cc0a3d33a6	a178719768d251fc6bd47de22b837f701710d86a	replayed	Exercise native project close and reopen beside a live compiler window
78023c53b3415698e03d65f8b03d9e44128643f8	a6003b297a90e3ba93c261a6a370b19614334390	replayed	Sample compiler RSS and post-GC heap during repeated workspace edits
9553844fd8b51fd3c85603c4f916d33c0995a87b	5470f9566193891c36da6e2bf059acaff37183cb	replayed	Validate native project lifetime with trusted fixtures and real backups
b59901003dcaa7e2802fef6bdcf307d5a792a281	c765ec241c7959f95b7b2ba81304663542765ad3	replayed	Verify reopened source without replay and record bounded workload evidence
4d511f9d2afb3b235c7b905c546c522d5b5a810f	795ad656dd2b6df52cfde505a713a9247a72c874	replayed	Add compiler-proven import completion with atomic edits (L64)
54e6577551e6b22cf43d23a6c15c13812416d335	8ca2c5ad13594162d873754eee46f6bb575fa13e	replayed	Follow compiler method redirects for implementation lookup (L65)
1343d71df16f1a4d84e42ca9b03e9bf8b868b47a	ca66b01f8a3b0d8926e29bf6b1b1167e877f724b	replayed	Use written dispatch contracts for composition rename families (L62)
ef2bbb22eddf336f3021d8caedb44c8a3962dc07	482662254775ef2c4e75bb80f35a967594656611	replayed	Add compiler-proven extraction of literal return values (L63)
23d15a1ea441eb0ae3bec236d2f2f3cdfe468428	d2e916770b95c953af15ee38ecc9c93c67e65eff	replayed	Preserve receiver and conditional formal identities in rename proofs (L62)
7c3a6eeccd120730c7efff9c90c236f5542476c0	399ea6d31b891101068fce7307ec2c6b2de129b8	replayed	Resolve abstract into entries through their written constraint bodies (L65)
a21c1ae20e2cc87d221a6dd043650d832692c871	ddc4e28e302cc097ae556c6407c1b3d028d19a50	replayed	Bind import completion proof to its originating compilation (L64)
83a2e5b02053a5d0d5c3fee34487df656b5d8b1e	5792db082836d58fdd8f80d0cc8025d4d94dfeb7	replayed	Complete shared import and extraction acceptance checks
9b9e1d851b341f478a880f5d872c3b1495dcab63	1e632b23d2634baa697937117fbeb19852705759	replayed	Record functionality validation and extraction commit groups
5826d831ee52f1b985d693c3ab3dbbb4c4112f20	8a854cfb18ade52678d012a3e3b79ba5729b4bd0	replayed	Add contextual declaration and template completions
fb09255692d8c56a887aaebc2834ef9c5d3d9748	480745c2411d01570364dd142add9268a1b42d22	replayed	Complete missing property and parameter names from retained syntax
ea722b18b421c2aee54f663a15c3aeb4c0c56003	953a306635d3be0be06aa18f05dd58a07aa510c8	replayed	Extend compiler completion through real source and argument forms
522d820bc6ae6e916783dc331589cb26d66b1928	7ffe54d4629cacc1c190b3369f66ea57dfbbc715	replayed	Record validated L64 checkpoint extraction map
b3159f7c6918d8fdeb015bd7dc8cae3e479ef801	9f844ca0b0a2ae9e25e0816effa605edab0085b1	replayed	Complete enclosing instances in ordinary expression contexts
965531afb5c353f1bf188c769de63ad82a15fed1	4ef489bcc7b10cabcae4332c2a17f6c3d64cfc90	replayed	Suggest local names from retained initializer syntax
c2ff6244117c905be675469d779d3f210b592663	b5ee70f48014ea4164f2b2a8a527b357c3085ebc	replayed	Offer compiler-fitted lambda argument templates
5ea4a07c780b3717270b702a7068093aabf6a93f	ef796263d0580391fb43a915e7d1ce4c5e0e0121	replayed	Audit L64 completion boundaries and shared acceptance coverage
1a5a68d2e3de98c1b95a1dc7eb779ba39ae85317	6163628ef2e1affe3fda38a58f22d8c6af8d526b	replayed	Validate L64 closure and correct shared snippet driver assumptions
23d439232694724c9979ae7dded8b2106a50fbd3	b479dad7ca09e72b39fa1c1ef855ffe864d5c272	replayed	Extend property implementation lookup and L65 acceptance coverage
bf2a46e1467805c0b69d66122d6fd153d613885a	81910fdb7facfc4523a3c79db872c15a7dee7831	replayed	Inspect concrete source types for conditional implementation lookup
474bad3d54cf4b726bb4abe7fab9155b6d85a5bd	3391c9bd8271f1b63a87e86264d7ee8b0754be50	replayed	Exclude bare formal types from concrete implementation inspection
162d2f8d1a81e3a53d8e838ca1b0a13a6339bace	fd17dd8a6116dfd006b4f1776be2c8700a0faac8	replayed	Publish primary-constructor default cursors once by identity
ad5e0b2cee8c1b98af3c09c83bff8e6380e4036c	aaa87fa04f559d7a755c1836bd70667eb8d14a61	replayed	Enable native access for the IntelliJ playbook test JVM
c52f263c608f50f8569c32b90bfaf031a36c015c	cc0d6f33ec79a12c492f591805ce7ea4baf5325f	replayed	Validate L64 and L65 across both editor playbooks
8630dde4b773f62bf9112d0e8fbb9710fff6353a	a7c6ea5c0d41bc453af5a944a70dba77429a2060	replayed	Inspect concrete conditional compositions in rename proofs
72bfc3b9c7bbb0ef8efb8058c02872934b67d0e4	2b95831742e0ccab0f94d2325cf281f4474ee514	replayed	Show scenario descriptions in editor playbook progress
83f7fb434a1266b874b3c63c2d68600df4a74e56	2121c4fc4209c7d3561b56fa303fffb9294e46c7	replayed	Preserve interface and bodyless source contracts in rename families
3a4c03fd9eae1103aa6cdd4e219ef573252d2f9b	6def1f5cf826870357c2ee201153a5e486b659a6	replayed	Preserve relocated bindings when extracting returned expressions
c35a7c031e61b036fd614ff24898252cbd48e8b6	9cda2277575e558c25a7c6659bc859458a98c19a	replayed	Inline adjacent returned locals with binding preservation proof
eb045abecbec2341d469a858a1e7e1af70abb149	a3c76acd5ef323b3f8e7ee42f1de7a67a90c51ef	replayed	Link resolved imports to source and linked-edit explicit aliases
e1c6731b8476f1125c3574313a2309136cc231bf	840fdf2d4e552f3b6061784950a891b65c41b3fb	replayed	Preserve indexed binary sources and lambda facts in graph navigation
cff5531fa588d7447da085cca65573d60f8ffe4f	127ce20cdd67b4705235bb9bf73f8b7d83985142	replayed	Record continuation regressions and selected editor acceptance
72124411acc9eb5f91c731b7cbf7862e096f018f	97def8ddb5705f29c718cb4a7508d23fe4641b12	replayed	Align current LSP task summaries with validated continuation
30fa27215928056d0a86b4554ba5061076085e62	fbe7895516c819659a0d2e9b202ab2cc02d4f03f	replayed	Cover conditional and delegated rename boundaries across modules
3cf94740280f96053c4a663169bc63e9eacc9b84	e2cad106189d91b879029394dff2ad1bcddc5abd	replayed	Record L62 boundary audit and selected editor acceptance
03c4494a1aefc70336f8b83236502ad0867ee3cb	226faa0bc2cec5bde945ec193a486738a8921c3d	replayed	Support compiler-proven cross-package type moves
a1f5b40979463612be3d70d6c11648acecb4f77f	a5531e4a3f5850efc659840ad1814e6542ec939e	replayed	Exercise cross-package Move and Undo in both editor playbooks
2ad97134f84038d3270d98f79f298138146c39d6	323311e1b2fb83ea36133cc4dbdb852b93ccda96	replayed	Limit import target preservation to file relocation proofs
c8cb844bc9fb148f08777d299cde8dbe8dd81b9a	f06d18645a39b034c1efecd2e648fe362af1c1a9	replayed	Record cross-package move acceptance and remaining relocation boundaries
827638a4430a0f8d13967318b04a3bb249ce9359	22ed66dc5a3ac4a325832710c1b9b4a3cab28c1e	replayed	Prove source graph relocation and embedded resource preservation
3ad6d212162c94490314868ba6be4754d1b6f18c	5cf1b97d38b60adfa3888e4c2ae45c2c8992bb25	replayed	Persist compiler graph file moves in editor undo transactions
8e42559e970b66c5c323a5ec75e1cd49660b0e30	5b3428d286ada9f6f222be2370d86497e0d8b91e	replayed	Exercise configured graph moves and resource roots in both editor playbooks
3cab52e7b0485d4d610195987e81fa3cf9e28f36	9122e03f339e8e8136e44de1aaa57c236e665902	replayed	Reject file moves that break captured module ownership before replay
9145781c0f2b286ce1e9bc3208ab4dd5ccd27229	40307afd1ddafbd84630e4249502cb39c5356b30	replayed	Reconnect open Ecstasy documents when their directory moves
a56c414f9d51634afb3a9a5dac050b29e72326ce	4c29c6f19eaa1c9f6d7ddb42057b35153f9e8a63	replayed	Record graph relocation acceptance and remaining L62 scope
6c5ac33b29543e1e433611fa281242a11c1fe40a	5c036639de1c0e9092d2d781edf93f5e94963bb7	replayed	Preserve alternative callable targets in union rename proofs
649961788a48484c8bc8e6743e7c777ca1d2d00f	bb28cbf59473e37d2a9847139a65a57b5fe1e5af	replayed	Retain finite written contracts across recursive delegation
0c3c59c251e136e5793d850283bbe86cad20f7b8	df83f5dfc9c175f4405935afdf65d02f3e3ac794	replayed	Audit generated constructors against written rename contracts
f63350357fae79e823ee99a59daf99d5ccc62004	803b812b3749edf09766bd96fc36080bc7a6fb27	replayed	Share union and cyclic callable rename scenarios across editors
22330f5874d3054192fdf0e28e193b3ec47e3bf4	9c43a2627e4644642a6b7cdc9c43ccfa67877bda	replayed	Preserve receiver dispatch in detached callable-site proofs
29a3d8c47b8aa0637b75a0fa383710ccbdc26a14	22e9e7040779fabf1c42d43984e90065f32f675e	replayed	Keep callable rename scenarios in shared catalog order
cf096de8cae584de5b5ea35a3b8557a81ecc0bd4	6c089934c3bbceb2b8778a07fdf3428399f25efd	replayed	Record callable rename coverage and remaining proof boundaries
f68f5df1e7a2999f0dd180462f801c14f45fc757	ebf519a8847f7764bc644897baba020f600a161c	replayed	Retain generic and annotated receiver structure in rename proofs
edc139e96c72988f2e477dd49649265721c8bf27	6accd393d1bf7cf43f17e508c86f98a66267ba97	replayed	Preserve union branches through generated delegation routes
7b0756e5cb1d131bc1c5cc6be3fe97329fcde6ca	3c06a0791165fd7f8275a47880fcada54fd79b48	replayed	Use readable multiline callable fixtures and line-aware edits
89d6af02170a888cb03a8d98633f4037c21b80d3	5cebbd8a1bfd228cfa5a5daeca1c6a36a51aec12	replayed	Share generic annotated and delegated union rename scenarios
d57d5a215efcb8023a44b4fd10faaed119a7fadb	1085ea5fc0e3986639385d29a1afefb52ed921e3	replayed	Resolve substituted callable identities and typed union cycle anchors
61a95d9eed20c9966a7a50e88099bc9394913f84	d06f7755f0f6c1ba942b1b2749f930861dbde0c5	replayed	Keep playbook focus observations live across modal dialogs
04a55ffbac34eefb5d0456263abba6b2e42d1819	0c647c38d8202993fdacdaf34657a5596259a412	replayed	Record substituted callable coverage and modal harness acceptance
679bb82694ac68e232452deb3ee5b1f85a74fddb	402798cd1cf636c318c953c875040a0fe1395c18	replayed	Plan type renames and package moves as one proven edit
c6100389044874761c6627c2061807328dc71861	f8574d9ff00153277c03b042a580864db29ddbf0	replayed	Rename relocated module roots with their source graph
345c32b87390711397762dbbfe99c1c052798c25	57fc33ab73d7ff683cc2c0527ed3194104a1d3f5	replayed	Plan interacting type relocations against one source snapshot
88df8e6db4f64a47696f282d19b35dfa6a771eb7	6b866c2495d3d1ab071160389caed9df8415e1c9	replayed	Exercise combined relocations and expose a new name in native Move
2793efdd9e580b7e08d2aecf2e1fcc892cc344e5	c051d0e665097dadf665490b9e332ee113935a18	replayed	Reject unconditional duplicate source types during registration
494a18f6ca283197698bbd9e421eb160b3a0b354	c0d0d3c514344b7f488ff4df7a3f31ce9e205f9e	replayed	Preserve imported names and reject inline relocation collisions
2ce6029cf4136dc89e2788b7e037f4f4c63448b6	dd247ba90bc47ce1dd915e1e0c604b78cc43dc28	replayed	Persist closed refactoring documents through native Undo and Redo
50b1139613d257e26c1ba878436641f60bd7cebe	0b9039e63ea636df9b656620820120d09a34f4a5	replayed	Record combined relocation acceptance and compiler regression evidence
a1b266cd02893d7b10c04042dca00caf16f295df	f11a855818116cd772368c72a838d422916aa9b5	replayed	Integrate duplicate declaration manual regressions into errs
a58a108308f29bea9b5fcac2f20e2d846349a63d	066c18ab9fa0a9af2dfe9348fb7a8cf78e6e7033	replayed	Prove type moves into captured empty package directories
7a81b0a906cf8ca33acd3ae58838ce98de32d480	bb618ceb8e0c559361c882f8766a7e8952ea0d86	replayed	Preserve qualified name trivia in compiler proven type moves
8cdc60dd05e39a04c3e4ced914e6e2d47e81ec91	d5cf4db55ae2a3fce3c0e5f0b979f7dbcd388368	replayed	Cover empty package relocation and source trivia in both editor playbooks
102560ccb4648fc7b446fc244a6539ab9a39a44e	d1045d736ceaf8c54bf2fe648d5766afb44a14a0	replayed	Import the manual regression runner XDK extraction task on errs
6675be43aa987794778ba319ff6a669ccfa9356f	f515de27115ee93873a25e788056fd1338f12238	replayed	Finalize L62 formatting and IntelliJ line ending assertions
2cd2f4ae898e8ff23767fe98e1894df46f79bedf	a8d9f8ee73c85ef6f581090df617b360771f6b20	replayed	Record L62 empty package and trivia acceptance in both editors
326f1faaa19769492d21662bf36a267cb3e75b6d	6ce09e6eadfd8814afc2a13905cc8bc456834ac2	replayed	Extract complete typed local initializers with binding proof
39b6be560d8d6bc0f2966464d8b14718189d26e7	a56ca73b62e65d2ac991423aa50ade4f9781ccb2	replayed	Inline adjacent locals into typed initializers without reordering evaluation
c4b0130bd67bacdc89daf5780508f2fa95ea69b8	b0ef5f26e18aeab0345592385095647ea78e61b9	replayed	Remove unused locals only with compiler proven constant and side effect facts
7dc0f7c653e9907e4ac9be8a5647e1731d7267da	ff343a89fb73c18491133fdd914bf8f20bec44dc	replayed	Exercise local initializer and unused local refactorings in both editors
554f86e63c6e95e32e98ef3efbb4e0d6d26b5c81	eaf11e5e9b2cb98d7f6f7c6d27175f977183c36f	replayed	Preserve runtime effects when a conditional and result is always false
0550380b4244d3e66303445737d54ab4a15477d1	074e38b2f1462fe86967a8e397c22357148848e6	replayed	Use an instance counter in the conditional side effect regression
888e89bf65eb22c3ab42ba089c9999745e22e4c7	5c1d64aed301d840005278e5aac44fbe0d5cd889	replayed	Finalize L63 action evidence collection formatting and playbook registration
614969598291190146549346f77333ca306447d5	31fa5bc78e1251e6e112eb4d02ad65d85f47d8b7	replayed	Record L63 local transformation acceptance and compiler fix extraction
db986edcdba73f06907d42645913d5c3994ab731	49f90a5968efb32edd358f6f758d5ea46deea80a	replayed	Capture detached types and stable register evidence for method extraction
2d29188bb8453fd370495558d391cf94357865c9	64937b72b75d5ab58d8e20860839c2b82e395d98	replayed	Extract whole expressions into private methods with capture and call proof
a3bc940c76dcab2823c9d76d28f64cc644a1fe90	69b467c1889e4c8c07b293e6e44d0169ce4023cf	replayed	Cover method extraction semantics refusals and compiling proof counterexamples
13817b4d45fffc51f65e4e66714afed645926da9	959a5a12f78cca2d252d31902fa910fae2d629ab	replayed	Exercise private helper extraction and mutable capture refusal in both editors
6acfcfab513a7d5fbb5114982c0851c68f5df0dc	816a6cd7d08c2d112fa7e7e9ed383b204c629afe	replayed	Fix parsed ownership and typeless formal handling in expression extraction
0149758438d98cf9bbdea0a0c4f557982c1d6501	dbbf62fedf803d7b39e864ef29c71d77df1b7852	replayed	Record private helper extraction acceptance scope and commit map
46d742b8fd191704bdb5a0eca7008260f92374d0	0d5bdf24616cbc49185320e4437ebf4e398d23b6	replayed	Create private missing methods from fresh compiler declaration evidence
b761766e4f2bd73705961645226b70b514045a02	d6e6b2834437c670a0ec13a1970eef51ee08b2d5	replayed	Exercise missing method quick fixes and diagnostic undo in both editors
2507fbf51356f935f9cda7f17d697b7023ecffea	5f6d1eb95696b54ebe1e2b729be01a86f642fd5e	replayed	Normalize declaration type wrappers and verify missing method repair bindings
bdb27ecbcca6e64aee654e79edeba3e94ca2f378	2a8a8cb74438be87739daf45e942c9610473c94f	replayed	Deduplicate missing method repairs for selections covering repeated calls
f62a45373ee314a534fe44f052f06271d559f0be	dace3ef447b456e568de03fd8665ab32d24a569a	replayed	Use the diagnostic caret for native missing method quick fixes
f3de29b57eaadc1701a06878455eb15562b0cb35	39dd2379c149427cb12134c2d57e8b118062d72b	replayed	Refresh IntelliJ quick fixes when equal full diagnostic reports replace them
e82a129bb29e865aef458156304b28e347d8b521	057b5696cabccd396fa7eb35667d1d98d9afe491	replayed	Record missing method acceptance limits and IntelliJ quick fix repair
f95f5ddf6cb1ce2d90e5d3de029321541c49179e	18a50d442e166f6f6c4ffab9500498af64d6783e	replayed	Create missing methods from compiler local types and typed initializers
0bae2f5967bf591f9722acc2c0495d0fd557c9c7	0a78b2f4f27ae4c4c4cbab15b1b1910f039b4a34	replayed	Exercise local argument and initializer quick fixes in both editor playbooks
c1d87431d9a1e202474d6c09f6a095bc1fa333f6	16f1283051b5e461f5b86f9386edbc8582b3af51	replayed	Extend editor catalog checks through the new initializer scenarios
99bd00bd3a7384c9e3c834a7c796c5fd0ac84379	6315eb67c7ef5cdbc08a0d55ffe65632761bbf19	replayed	Record local argument repair scope and both editor acceptance receipts
8288f73995f9aaab63ea0b7a6aacebcdcc63ee56	ae0ee8621c575dd6bce8b7c7b5b6919a69458e55	replayed	Create private missing methods for compiler-proven same-owner receivers
2fe49703dc4853e381c95cde8dc64868e27e3614	51cb893c85849e66338ab456d747c94fa785c8d0	replayed	Add shared editor acceptance for qualified missing method repairs
0d9e071032d07ac3e76fcf55363df40b2d958d39	e82b3f6eb02718a10576cb419f5f4d900165925b	replayed	Document same-owner receiver scope and editor acceptance
c36eb87c63fb13b9d630488f0e92f25569bd1c15	6b5c861ef8b7c640a75e258d88172e58e2579541	replayed	Create private static methods for compiler-proven enclosing class qualifiers
165c21d79d6e3a4cbf5fbc1c987eca060cb59f5d	a00814d4feafcdd3c5c13bc5fec4e4cfa4491045	replayed	Verify class-qualified missing method repairs in both editor playbooks
218d6037c3a448c99b599e016f4ade7c58a7a3cd	755def2dd476fbe35126fbcfa8b84818652d0793	replayed	Document class-qualified repair boundaries and editor acceptance
92eb89974ff9363a95f345ff4e8de93ceb2cb9c0	c3d8f21ce7625468efaa7c81c1274fd553ffc79b	replayed	Create public missing methods in proven writable source destinations
124ae9c5a4a6a79348331580e97d958cd56a314c	2394e684b634aeadf6e7be32e265c20a9ef8a680	replayed	Preserve decoded companion reports in IntelliJ diagnostic quick fixes
0155a137a588211e319a6f1a87c93a4cd3c37567	12c9f62f57f241ccb3ca08624a15d0713d08515f	replayed	Exercise public method repairs and closed companions in both editor playbooks
733081933a205d9a1e953e1348506085e1346285	c45a66c38019f23cda68777cec97fc7d156ac000	replayed	Document public source method repair boundaries and editor acceptance
272963cf01b948b8a126e87e00127f876ec1b0f9	dcb42422905a2b2fc0769124393fa8f3e9716337	replayed	Prove cross-owner missing methods from local and initializer types
f400bc02bad2e1236ae408ef3418e8e04cc2c509	1de7a5cca8bddf42d29b089e471e42af082a8b54	replayed	Cover cross-owner local types and initializer repairs in both editors
454907aaf38aeb8e46779ddede15f4075f8f1913	4cca96266f6fd810a2a96f82898cfb2ecf7bb597	replayed	Document cross-owner local type repairs and selected editor acceptance
a75834c93bb5bb443e7b11bf2eb7a79a0c8d654a	361f830a9f4325e6523c1cfb815b46c740973eff	replayed	Prove missing-method repairs across configured source modules
67f44cd33e7dfb307fad15c5caa5225a357b2683	ff37191d1efe58bf58be5dd4e2b7f79b4f4827ac	replayed	Queue native quick-fix discovery through IntelliJ actions
bab7048bdd7102da99d3047a2b263a67fb99320d	bc42c90f5e88702e75eb0a79950e30a3e48dbd85	replayed	Exercise cross-module missing-method repairs in both editor playbooks
109b0c6ee3b6f2964e7c32c01624a0aca3b30f39	1cbc0d6e04133ec4e8676e0a90b58db7514533eb	replayed	Document cross-module repair boundaries and acceptance
f6a27ed756546dd3da8909f7deee74472f5d9e84	1e3a0f20c3f839e1530136e1f37df864c580bb91	replayed	Support destination imports in missing-method repairs
fc3408a61b9097997327351b404778a82fc77dbb	58752490236423d0510f9435f2889106b64fbf17	replayed	Verify atomic missing-method import repairs in both editors
51bb93f3b056e68de9442d864db1fdc4a9e725ee	1a4a4fccb9238c3435265c5ac8c1b1bd0c0d716d	replayed	Record destination-import acceptance and remaining L63 scope
762f99f4443fe714be73439dd3073e1a09cea94f	dda7ffdd5e0314e8a18120ec5f04060ca1750469	replayed	Support compiler-proven cross-module type move proposals
267e535a8c71af2861c58d1b402d6c08dd9730a3	24295d307d6bcdff674db75b285ee73332e4ed18	replayed	Order overlapping source moves and coalesce inherited child paths
68b2fd73f819debfe3dcc6055141f1e8dae5b754	7179d078ec10f006ec3e85e526bbd74a4e4dc5f4	replayed	Capture incoming resource trees before proving source relocations
e187a6359de9c8f1b13e749154567f6d57dcd90a	f154a6d33dd28826d2c225266df2456855d759e0	replayed	Preserve compound annotations and nested receiver ownership in rename proof
79bfe665862daa6b20e4385f3684f2958ef1ec04	df309561dea63b311a49e1386e429a6e6cfc3055	replayed	Validate cross-owner relocation resources imports and annotation proof
14d1b7fa9d20bdc84328a2c4a133325b71f9e840	cda91d5422a5acc1386cd607fc3b840ca11a0d0a	replayed	Record L62 editor acceptance and VS Code overlapping move undo defect
ef4b298e5cb093aa1335ceb49076d22a220ff227	970ae5917aaf7c56168b0504ae9ecf2918983ded	replayed	Allow missing methods in generic owners with exact visible types
0baa91a857b7837456f0a1e849374e227b86cb4e	fb9773dc931741b1efb574e1fe17db81f8227957	replayed	Preserve generic constraints and conditional missing method signatures
fbd5247bafd187282230c385014d58c52f90fbcc	cb8967065d41114b99d687229ee71804587d7fbf	replayed	Resolve missing method owners from validated expression receivers
2e521970c9f9f054e0c20a389571a19f8ce532b6	5fcfa846974967cc3b89bfbcc5f67e9a7cacafc0	replayed	Create missing method parameters from named and validated expression arguments
a1d52a42d77fb07d55ed30c6c59cf0f13464936d	f783c1617942274327d4ef2e7c8aa6c2ebbe6cb8	replayed	Update missing method acceptance for expanded proven argument types
1ff71acfe12acb6cd7081eb43c640cc3e0a9411c	6d63a64da52ec54d7e1c326d44c362a33f288915	replayed	Propose compiler checked missing classes and read-only properties
b5632cc7a19422025cee47b844c477756f9c6996	623e70f8fab2ce545ca91f3c374f3c5bf1ede3dc	replayed	Validate missing declaration repairs across header and body snapshots
161111d69cc60be6376aa915893cea51624cc319	3b03e5d18a41fc96877acc1b224c8580c9f22a59	replayed	Extract statement groups and compiler typed nested expressions
3fde8fca268a517b6b0a0430bdf0cc409e9b06b9	9ec5b1cffc44ce415eb0f87f03aa6537d06b637d	replayed	Inline constant locals across statements with exact type proof
de86a5afdff0aae0c1e85d3843bbd29a796c06df	d304d2b581dc252c48dd28ca39317c12b22d780c	replayed	Inline selected private calls and constant property reads with binding proof
d3ef9d7155980ef8f1338d6c4bbaa23447050b3a	7194e3f173ceeb819e82b3e1f235316a8ae58436	replayed	Safely delete unused private members after complete source graph proof
bf2be72687e35b32d10dc47e7a2914f22cc363e4	47609b71f5e489c1f56791bfd49dd9d17e55661f	replayed	Share L63 repair and refactoring acceptance across both editor drivers
2e42006f1ee5e580d141e64eb9077bdb27897a5a	fa6664574754988a273a6cdab1c491fd091cd99b	replayed	Distinguish generic method binders from visible parameter slots
f18c4e847d58b19a30cff50fa7a75a8c68f471ab	987d292c9f755845efd1aad994b950c71252d962	replayed	Preserve runtime initialization and explicit call proof during member edits
780aa76acf6a1eb3c45823764e8de1bc869c5582	4d563802921db68165467fba161ad760ed190453	replayed	Stabilize L63 editor action lookup and caller diagnostics
cfb6c5623dcd0a9dee767e456eafde507095466f	22d1ef2fa8f5a4dbcaa8283c9511e8ce586caca6	replayed	Record bounded L63 closure and editor acceptance receipts
b5bf3ebe97a7a70152975e0955f580b0b0183d5e	3907c2dbb0798556985e8d5d9a16a390c8823b87	replayed	Link resolved wildcard and conditional import sources
2383ed9ec4475a356cd0c39b23a699b374dfff73	4e434a7d9d8cc6471090130441557c03607a065b	replayed	Extend linked editing to lexical lambda parameters and explicit aliases
db8fefb53e02c958c6307e22e49b2bd9aca5d08a	22a44810b4cc0fc96a04a122b280349f965f9114	replayed	Preserve typedef outlines and strictly nested recovered selections
9f27e5293783689d791d4bfa03d860baaab4327a	c40738e88acf3e20bb50bd8c1abc565d51f7fa1c	replayed	Format continuations and wrap expressions without rewriting literals
60b5acf9ecdead3e7e933289d9d963c905192605	2ff0c038bad9c0091f93364fb5fc1af7328075a4	replayed	Preserve Redo for asynchronous Ecstasy formatting
998267de68849eb32ae1e19d8fc6e325785ca289	b771df7587bde97785d69757856747f1c85a180a	replayed	Complete L66 acceptance and expose formatter preferences
7e5f187a68aca084b262b9238153e8306675feb9	b1fd2dc50b876129f4afffb1681733678d21eba3	replayed	Record L66 acceptance checkpoint in extraction map
788e84ea187175a0573f7fd420d588092dccdbef	08edc7534490c58db6c01ae34b58b0f602f490c1	replayed	Reuse detached navigation builds across workspace revisions
0af29295b697fdfa2ef9e5b8bc940693ece34ca6	e629ec50fe59311f5936eab74ac8056d07ac8993	replayed	Seed workspace navigation from editor and diagnostic compilations
570e45bba1c0b5b4fca968aff169ea62d46b97f8	0cb005e4c38439db033e3bc3735781e9ab72236c	replayed	Exercise navigation index lifetime and shared graph replacement scenarios
55070033eb5833c04054e5687877162b0151f595	d4411e865f69479e95353f7e263132c876369d94	replayed	Distinguish inaccessible imports from valid local type creation
b2490aa2e20326ebc8ec85003ffd989fca2e7bb9	ec767d18beaf1b7bc5cf7a1c2418375570cd514b	replayed	Harden navigation index publication and compiler attempt lifetime
765fd1eb7979c6e4568d01ced4f91916ddba8256	866f0cb9d1b969e80dfb2b15fe96290f4ab4ced4	replayed	Key reused editor builds by canonical source module URI
9893f57c166c3ce49bc15554782a1e1cdc5146dc	3d0e23765efa7d25eed275c1fff2e236739cb961	replayed	Register indexing acceptance after the existing playbook scenarios
36d7571a69af895465d33880a32384e5dc932394	74bcc7b7cd8a1db077e9b194e72f8e0c0502181b	replayed	Close L67 with graph scale and editor acceptance evidence
71fc8da4f6ec3b123536b54cfc81220533923701	b6b7b9cc747ae1be0e4f675bf430280359f0ce83	replayed	Add artifact-based symbol identities to compiler semantic snapshots
d58d4aa63c08787588ebd2d39990373cbceb6fc7	e7adbc52017430afc6fc59e569b3d602d5449883	replayed	Expose compiler monikers through cancellable LSP requests
4b9bc5b28bf77ac82f396071e9e14ec749479c25	a848b72c0da76f0ed18daffb71b6e642f384a2c3	replayed	Add shared moniker scenarios and document artifact identity guarantees
6a8c9acc11dcae4a1ed2fc446183d768d1effad0	3b50784cecb070444df03a285f0063c0fdebb68b	replayed	Cover generic moniker bindings and exclude compiler formal properties
febb6431a88d93ac32b1b14adebcf8e68921b610	c5e1718818e64fd22ed339b119dba37a15d25a04	replayed	Share module moniker tables and keep method-local declarations local
784c7d534030f0411c6490c70c19ecb8e457f784	6c697210aa9659bdd50d83669b700e6ad0a6dd03	replayed	Decode moniker lists in the IntelliJ playbook client
c4f366ca5ce2e009b2fb1fa257db3a6ceefe380a	b99c74fda3604e7febe8583ad9616a63d636d629	replayed	Record L74 moniker acceptance and remaining library document boundary
64673169e2c236b9ca0557539c2050df87c0ce7e	be5fe127aea99f77baeb52ca31da079e81eaa30d	replayed	Add revision-owned library documents and declaration monikers
34dc51056f2926a9536f62a03b020292964b3812	bcb9aea3d9b248a4be05095994b6b1c834044111	replayed	Negotiate read-only library content and refresh per client connection
b877d0e9130db8dd845960942a8f942f2e86378d	ef14898756d7e88af68d5ebda352a0a9bc8a04ac	replayed	Exercise read-only library views and monikers in both editor playbooks
642763cf94ca31b65127d59cfc134825f0aa3a53	c74d14a3c0d5a71e2301cbca4ca2cafc5b445145	replayed	Harden library URI ownership and client presentation boundaries
4b3b0f4cfef66359619ce8b96d55f3cde1761ee0	b1890ad1c6c3454327499b980174ec6f0bec5270	replayed	Record L75 acceptance and IntelliJ virtual document boundary
696b7c67bd9235d8f3acc63347b6abaa39297439	0b4727126aa854f2a69802c698ba5e0080e411c6	replayed	docs(lsp): define compiler inline completion contract
6e84c679710b754a79d84e884feff38c0f3c06df	d9ba25387d16df3b6f4aea7f0af45d00bedc1d43	replayed	feat(lsp): project semantic cursor facts into inline suggestions
55d1c853372ebb9fb13ea342e130036cccc78157	43af470041b9e6e17044875c1d49c29d0687ab4a	replayed	feat(lsp): negotiate inline completion with versioned cancellation
7aa37f870591415e4bc651e9f8efef0dbf54ae02	255830cab2430eb23b6bf8e574e42d37ead087b3	replayed	test(lsp): cover compiler ghost suggestions in both editor playbooks
d1ef87549588dcfd2fa28446ac2362a69884a015	41816e287b6567a7ac70344adffdddb55ee8aa04	replayed	fix(playbook): restore the captured caret before reopening completion
4bd34a3c44bdba09da9b9dabb5c29dfd6627f7e7	411ce7f755ae8731e07d549832dadf380a83e8c1	replayed	test(lsp): validate inline completion transport and native acceptance
ba74769fee4191069d1e729ee13460c935516d0a	a7e36ff80c8cba14217af9c94e52407df528b1d1	replayed	docs(lsp): record inline completion scope and editor acceptance
d2ff6d5aece32a1267f6675ed193056b955fffa3	60f73fda8842e9e905a40a61409bcfc5404c6802	replayed	Automate the visible VS Code compiler progress Cancel control
a85c231e624b12e06527da8533815249fcd1103f	ca0f4fdf65309d0632d0cdd1cda3365f349096e9	replayed	Verify compiler ownership across shared-process VS Code windows
aaceddbfcdf57f2cdb222c4540a17808d82abeaf	b3c3b07cee846026d0c159e72e5243bd0e8e9980	replayed	Exercise rendered consumer hints across settings changes and restart
4d12ea55b22c600b895b9017141ebae909ac9ac8	cca66c570573d9c859a9e097113271c68571ca59	replayed	Record L81 native acceptance and retain the UP15 upstream limitation
79adbd2f296a6e77b12af210a0d2aa5f80677c6c	ee1f743e43f8ba08defc1f7de39187c7a7045a7a	replayed	Replace disabled syntax inlay placeholder with an explicit capability test
5994b454e106b3e20e3623ed49ab9a9c13a99811	a334063ba744f2c0634dcb86d88e7005430d1de3	replayed	Preserve recursive typedef identities in compiler semantic proofs
7235443b1af2b9f1ca041bf9079b9f0fa821b839	e325af1842d319c165e921d3598684ee484531d7	replayed	Decline unproven recursive alias spellings in member generation
f338cbfe9980857eac96ef2b5e6f0ec3daf47b11	b80e287028889c84d2365a25734ee121c56e7c3e	replayed	Release empty transient thread-local entries on long-lived workers
b4d088a253850dcb155dc7563e15319ec08e5279	6eafd89faa394effc4cabfb3f92c7337245c9f3a	replayed	Record live heap histograms between compiler workload cycles
f0cc4412baa1114f6172dd1d375927bb44d5226a	201b9506264f78b2a2d7c87441e8d24305e5ef6c	replayed	Verify native rename persistence for open and closed documents
ab8ac2aa1ea96580063cdfd5c80f542fdca39299	edb6a37b8f66aabfeb18f815e755e03bb12568f0	replayed	Wait for current analysis before native playbook assertions
9a37613dd50f1c29f13f1d30a9a120ed7e3bd6ef	082172b7b3d2ce00ef109756a41668847d8d514f	replayed	Exercise recursive JSON signatures in the shared refresh scenario
6dae75bb5a43b86e5f11abb9efa2d0d989cc0e1b	9a954e16398aa497327cc40e84a620784a0be4d8	replayed	Record L82 combined validation and remaining native release blockers
f8a7d6c770b49ebb9bb24c6b288bb83161688638	61503d772330b91e2d17d016dfc12a4a0bb91c89	replayed	Bound IntelliJ editor refreshes per connection and feature
b24d07470ba8be77cf8e0916b9c7d9366a645025	065b680691f3c1e227d16501e1eeff65a6015704	replayed	Avoid redundant IntelliJ VFS rename preflight waits
8f8166fa7dfe8536af129074d14c884e73d687e1	328ede71481a151867ed8c3d0db2329d592712b4	replayed	Preserve the plugin class loader when decorating LSP requests
bb074972a3c8a476641c82b234c779aada1dc471	71cf0ead439a84905744e18017d0d14a0facc767	replayed	Capture intention recovery state before dispatching the popup
b0527f23c678b503446ec4f416f0670a31bb17c0	35e6b18b8770158cd7e2a285c744998fe25db24d	replayed	Record IntelliJ upstream repair coverage and remaining host limitations
51635fcefe9360cacafeab451b3d3bca4c26602d	b9f41d93289b2eb5f748c234c45135ceb09f0a63	replayed	Own IntelliJ compiler imports through cancellation and model acceptance
edbd7f19c23c6ff147dd0a841325bc38f4687bf6	771b50417b448ae74106f20b7f3e0984fa335b65	replayed	Make VS Code compiler imports cancellable and retain accepted models
72b591524018142894f365d6313dd2556d11caca	99db4ea5e87da271af24030d5377d1b3fd61fa7b	replayed	Record compiler import acceptance and local upstream repair checkpoints
524adf963e866b7ad436a6fdcab97aa705e579a5	3b4dd2a001372070af9d094a778e4b48caf8c3a0	replayed	Exercise native compiler import cancellation and recovery in both playbooks
